2g1c,A
2girls1cup,A
abbo,A
abo,Z
abortion,Z
abuse,Z
acrotomophilia,A
addict,Z
addicts,Z
adult,Z
africa,Z
african,Z
alabamahotpocket,A
alaskanpipeline,A
alcohol,I
alla,Z
allah,Z
alligatorbait,H
amateur,Z
american,Z
ammunition,I
ana,S
anal,A
analannie,B
analsex,A
angie,Z
angry,Z
anilingus,A
anorexia,S
anorexianervosa,S
anus,A
apeshit,Z
arab,Z
arabs,Z
areola,A
argie,H
aroused,A
arse,Z
arsehole,Z
asian,Z
ass,Z
assassin,Z
assassinate,Z
assassination,Z
assault,V
assbagger,A
assblaster,-
assclown,B
asscowboy,H
asses,Z
assfuck,A
assfucker,A
asshat,B
asshole,B
assholes,-
asshore,A
assjockey,H
asskiss,A
asskisser,A
assklown,B
asslick,A
asslicker,A
asslover,A
assman,A
assmonkey,B
assmunch,B
assmuncher,A
asspacker,A
asspirate,A
asspuppies,B
assranger,B
asswhore,B
asswipe,B
athletesfoot,Z
attack,V
australian,Z
autoerotic,A
babe,Z
babeland,A
babies,Z
babybatter,A
babyjuice,A
backdoor,Z
backdoorman,A
backseat,Z
badfuck,A
ballgag,A
ballgravy,A
ballkicking,A
balllicker,A
balllicking,A
balls,Z
ballsack,A
ballsucking,A
bangbros,A
bangbus,A
banging,A
baptist,Z
bareback,A
barelylegal,M
barenaked,A
barf,Z
barface,Z
barfface,B
bast,B
bastard,B
bastardo,Z
bastinado,A
bazongas,A
bazooms,A
bbw,A
bdsm,A
beaner,H
beaners,H
beast,Z
beastality,I
beastial,I
beastiality,I
beat-off,A
beatoff,A
beatyourmeat,A
beaver,A
beavercleaver,A
beaverlips,A
bestial,I
bestiality,A
betting,I
bi,Z
bi-sexual,Z
biatch,B
bible,Z
bicurious,Z
bigass,A
bigbastard,B
bigblack,A
bigbreasts,A
bigbutt,A
bigger,Z
bigknockers,A
bigtits,A
bimbos,A
binge eating,S
birdlock,A
bisexual,Z
bitch,B
bitcher,B
bitches,A
bitchez,A
bitchin,Z
bitching,B
bitchslap,V
bitchy,B
biteme,Z
black,Z
blackcock,A
blackmail,B
blackman,Z
blackout,Z
blacks,Z
blind,Z
blondeaction,A
blondeonblondeaction,A
blow,I
blowjob,A
blowyourload,A
bluewaffle,A
blumpkin,A
boang,Z
bogan,B
bohunk,H
bollick,Z
bollock,Z
bollocks,Z
bomb,I
bombers,I
bombing,E
bombs,I
bomd,Z
bondage,A
boner,A
bonespo,S
bong,I
boob,A
boobies,A
boobs,A
booby,A
boody,Z
boom,Z
boong,H
boonga,-
boonie,I
booty,A
bootycall,A
bountybar,H
bra,Z
brea5t,A
breast,A
breastjob,A
breastlover,A
breastman,A
brothel,A
brownshowers,A
brunetteaction,A
bugger,A
buggered,A
buggery,A
bukkake,A
bulimia,S
bulimianervosa,S
bullcrap,Z
bulldike,H
bulldyke,H
bulletvibe,A
bullshit,Z
bumblefuck,-
bumfuck,A
bunga,A
bunghole,A
buried,Z
burn,Z
busty,A
butchbabes,-
butchdike,Z
butchdyke,Z
butt,Z
butt-bang,A
butt-fuck,A
butt-fucker,A
butt-fuckers,A
buttbang,A
buttcheeks,A
buttface,B
buttfuck,A
buttfucker,A
buttfuckers,A
butthead,B
butthole,A
buttman,A
buttmunch,A
buttmuncher,A
buttpirate,A
buttplug,A
buttstain,-
byatch,B
cacker,Z
cameljockey,H
cameltoe,A
camgirl,A
camslut,A
camwhore,A
canadian,Z
cancer,Z
carpetmuncher,A
carruth,Z
casino,I
catholic,Z
catholics,Z
cemetery,Z
chav,B
cherrypopper,A
chickslick,A
chin,Z
chinaman,H
chinamen,H
chinese,Z
chink,H
chinky,H
choad,A
chocolaterosebuds,A
chode,A
christ,Z
christian,Z
church,Z
cialis,Z
cigarette,Z
cigs,Z
circlejerk,Z
clamdigger,A
clamdiver,H
clevelandsteamer,A
clit,A
clitoris,A
clogwog,H
cloverclamps,A
clusterfuck,Z
cocaine,I
cock,A
cockblock,B
cockblocker,B
cockcowboy,A
cockfight,I
cockhead,B
cockknob,B
cocklicker,A
cocklover,A
cocknob,B
cockqueen,A
cockrider,A
cocks,A
cocksman,A
cocksmith,A
cocksmoker,A
cocksucer,A
cocksuck,A
cocksucked,A
cocksucker,A
cocksucking,A
cocktail,Z
cocktease,A
cocky,Z
cohee,-
coitus,A
color,Z
colored,Z
coloured,Z
commie,Z
communist,Z
condom,A
conservative,Z
conspiracy,Z
coolie,H
cooly,H
coon,H
coondog,H
coons,H
coprolagnia,A
coprophilia,A
copulate,A
cornhole,A
corruption,Z
cra5h,Z
crabs,Z
crack,I
crack-whore,B
crackpipe,I
crackwhore,B
crap,Z
crapola,Z
crapper,Z
crappy,Z
crash,Z
creampie,A
creamy,Z
crime,I
crimes,I
criminal,I
criminals,I
crotch,A
crotchjockey,A
crotchmonkey,A
crotchrot,A
csam,M
cum,A
cumbubble,A
cumfest,A
cumjockey,A
cumm,A
cummer,A
cumming,A
cumquat,Z
cumqueen,A
cumshot,A
cumshots,A
cunilingus,A
cunillingus,A
cunn,A
cunnilingus,A
cunntt,A
cunt,A
cunteyed,Z
cuntfuck,B
cuntfucker,B
cuntlick,A
cuntlicker,A
cuntlicking,A
cuntsucker,A
cybersex,A
cyberslimer,Z
dago,H
dahmer,I
dammit,Z
damn,Z
damnation,Z
damnit,Z
darkie,H
darky,H
daterape,I
datnigga,H
dead,Z
deapthroat,A
death,Z
deepthroat,A
defecate,Z
dego,H
demon,Z
dendrophilia,A
deposit,Z
depression,S
desire,Z
destroy,Z
deth,Z
devil,Z
devilworshipper,Z
dick,A
dickbrain,B
dickforbrains,B
dickhead,-
dickless,B
dicklick,A
dicklicker,A
dickman,A
dickwad,B
dickweed,B
diddle,A
die,Z
died,Z
dies,Z
dike,H
dildo,A
dingleberries,A
dingleberry,A
dink,Z
dipshit,B
dipstick,Z
dirty,Z
dirtypillows,A
dirtysanchez,A
disease,Z
diseases,Z
dismember,V
disturbed,Z
dix,A
dixiedike,H
dixiedyke,H
doggiestyle,A
doggystyle,A
dogstyle,A
dolcett,A
domination,Z
dominatrix,A
dommes,A
dong,A
donkeypunch,A
doo-doo,Z
doodoo,Z
doom,Z
dope,I
doubledong,A
doublepenetration,A
doxxing,B
dpaction,A
dragqueen,Z
dragqween,Z
dripdick,A
drug,I
drugs,I
drunk,I
drunken,I
dryhump,A
dumb,Z
dumbass,B
dumbbitch,B
dumbfuck,B
dvda,A
dyefly,Z
dyke,H
easyslut,A
eatballs,A
eatingdisorder,S
eatme,A
eatmyass,Z
eatpussy,A
ecchi,A
ecstacy,I
ed,S
ejaculate,A
ejaculated,A
ejaculating,A
ejaculation,A
enema,Z
enemy,Z
erect,A
erection,A
ero,A
erotic,A
erotism,A
escort,A
ethiopian,Z
ethnic,Z
eunuch,-
european,Z
evl,Z
excrement,Z
execute,V
executed,V
execution,V
executioner,V
explosion,Z
facefucker,A
faeces,Z
fag,H
fagging,H
faggot,H
fagot,H
failed,Z
failure,Z
fairies,Z
fairy,Z
faith,Z
fannyfucker,A
fart,Z
farted,Z
farting,Z
farty,Z
fastfuck,A
fat,Z
fatah,A
fatass,A
fatfuck,B
fatfucker,B
fatso,B
fckcum,A
fear,Z
fecal,Z
feces,Z
felatio,A
felch,A
felching,A
fellatio,A
feltch,A
feltching,A
femdom,A
fetish,A
figging,A
fight,V
filipina,Z
filipino,Z
fingerbang,A
fingerfood,Z
fingerfuck,A
fingerfucked,A
fingerfucker,A
fingerfuckers,A
fingerfucking,A
fingering,A
fire,Z
firearm,I
firearms,I
firing,Z
fister,A
fistfuck,A
fistfucked,A
fistfucker,A
fistfucking,A
fisting,A
flange,A
flasher,A
flatulence,Z
flydie,Z
flydye,Z
fok,A
fondle,A
footaction,Z
footfetish,A
footfuck,A
footfucker,A
footjob,A
footlicker,A
footstar,Z
fore,Z
foreskin,A
forni,A
fornicate,A
foursome,A
fourtwenty,I
fraud,Z
freakfuck,-
freakyfucker,-
freefuck,A
frotting,A
fu,Z
fubar,Z
fuc,B
fucck,B
fuck,A
fucka,-
fuckable,A
fuckbag,A
fuckbuddy,A
fuckbuttons,A
fucked,B
fuckedup,B
fucker,B
fuckers,B
fuckface,B
fuckfest,A
fuckfreak,B
fuckfriend,A
fuckhead,B
fuckher,A
fuckin,B
fuckina,B
fucking,A
fuckingbitch,B
fuckinnuts,B
fuckinright,Z
fuckit,Z
fuckknob,-
fuckme,A
fuckmehard,A
fuckmonkey,A
fuckoff,-
fuckpig,A
fucks,-
fucktard,B
fucktards,B
fuckwhore,A
fuckyou,-
fudgepacker,B
fugly,B
fuk,B
fuks,B
funeral,Z
funfuck,A
fungus,Z
futanari,A
fuuck,B
g-spot,A
gambling,I
gangbang,A
gangbanged,A
gangbanger,-
gangsta,Z
gatorbait,H
gay,Z
gaymuthafuckinwhore,H
gaysex,A
geez,Z
geezer,Z
geni,A
genital,A
genitals,A
german,Z
getiton,A
giantcock,A
gin,-
ginzo,H
gipp,-
girlon,A
girlontop,A
girls,Z
girlsgonewild,A
givehead,A
glazeddonut,A
goatcx,Z
goatse,Z
gob,Z
god,Z
godammit,Z
goddamit,Z
goddammit,Z
goddamn,B
goddamned,Z
goddamnes,Z
goddamnit,Z
goddamnmuthafucker,-
gokkun,A
goldenshower,A
gonorrehea,A
gonzagas,A
goodpoop,Z
googirl,A
gook,H
gore,V
goregasm,V
gotohell,-
goy,-
goyim,-
greaseball,H
gringo,H
groe,H
grooming,M
grope,I
gross,Z
grostulation,A
groupsex,A
gubba,H
gummer,-
gun,I
guro,A
gyp,H
gypo,H
gypp,H
gyppie,H
gyppo,H
gyppy,H
hamas,E
handjob,A
hapa,Z
hardcore,A
harder,Z
hardon,A
harem,A
headfuck,A
headlights,Z
hebe,H
heeb,H
hell,Z
henhouse,Z
hentai,A
heroin,I
herpes,Z
heterosexual,Z
hijack,E
hijacker,E
hijacking,E
hillbillies,H
hindoo,H
hiscock,A
hitler,E
hitlerism,E
hitlerist,E
hiv,Z
ho,A
hobo,Z
hodgie,H
hoes,A
hole,Z
holestuffer,A
homicide,V
homo,Z
homobangers,-
homoerotic,A
homosexual,Z
honger,H
honk,Z
honkers,A
honkey,H
honky,H
hook,Z
hooker,A
hookers,A
hooters,A
hore,A
hork,Z
horn,Z
horney,A
horniest,A
horny,A
horseshit,-
hosejob,A
hoser,-
hostage,Z
hotcarl,A
hotchick,A
hotdamn,-
hotpussy,A
hottotrot,A
howtokill,V
howtomurder,V
hugefat,B
hummer,Z
humping,A
husky,Z
hussy,-
hustler,Z
hymen,A
hymie,H
iblowu,A
idiot,B
ikey,Z
illegal,I
incest,A
insest,A
intercourse,A
interracial,A
intheass,A
inthebuff,A
israel,Z
israel's,Z
israeli,Z
italiano,Z
itch,Z
jackass,B
jackoff,A
jackshit,B
jacktheripper,Z
jade,Z
jailbait,M
jap,H
japanese,Z
japcrap,H
jebus,Z
jeez,Z
jellydonut,A
jerkoff,A
jesus,Z
jesuschrist,Z
jew,Z
jewish,Z
jiga,-
jigaboo,H
jigg,-
jigga,H
jiggabo,H
jiggaboo,H
jigger,-
jiggerboo,H
jiggy,A
jihad,E
jijjiboo,H
jimfish,Z
jism,A
jiz,A
jizim,A
jizjuice,A
jizm,A
jizz,A
jizzim,A
jizzum,A
joint,Z
juggalo,Z
juggs,A
jugs,Z
junglebunny,H
kaffer,H
kaffir,H
kaffre,H
kafir,H
kanake,H
kid,Z
kigger,H
kike,H
kill,V
killed,V
killer,V
killing,V
kills,V
kinbaku,A
kink,A
kinkster,A
kinky,A
kissass,-
kkk,H
knife,Z
knobbing,A
knockers,A
kock,A
kondum,A
koon,H
kotex,Z
krap,B
krappy,B
kraut,Z
kum,A
kumbubble,A
kumbullbe,A
kummer,A
kumming,A
kumquat,Z
kums,A
kunilingus,A
kunnilingus,A
kunt,A
ky,-
kyke,H
lactate,Z
laid,Z
lapdance,A
latin,Z
leatherrestraint,A
leatherstraightjacket,A
lemonparty,A
lesbain,Z
lesbayn,Z
lesbian,Z
lesbin,Z
lesbo,H
lez,H
lezbe,Z
lezbefriends,Z
lezbo,H
lezz,H
lezzo,H
liberal,Z
libido,Z
licker,A
lickme,A
lies,Z
limey,-
limpdick,B
limy,Z
lingerie,Z
liquor,I
livesex,A
loadedgun,-
lolita,M
looser,Z
loser,Z
lotion,Z
lotteries,I
lovebone,A
lovegoo,A
lovegun,A
lovejuice,A
lovemaking,A
lovemuscle,A
lovepistol,A
loverocket,A
lowlife,-
lsd,I
lubejob,A
lucifer,Z
luckycammeltoe,A
lugan,Z
lynch,H
macaca,H
mad,Z
mafia,I
magicwand,A
makemecome,A
malesquirting,A
mams,Z
manhater,-
manpaste,A
marijuana,I
mastabate,A
mastabater,A
masterbate,A
masterblaster,A
mastrabator,A
masturbate,A
masturbating,A
masturbation,A
mattressprincess,A
meatbeatter,A
meatrack,A
menageatrois,A
meth,I
mexican,Z
mgger,Z
mggor,Z
mia,S
mickeyfinn,I
mideast,Z
milf,A
minority,Z
missionaryposition,A
mockey,H
mockie,H
mocky,H
mofo,B
moky,B
moles,Z
molest,A
molestation,A
molester,A
molestor,A
moneyshot,A
mong,B
mooncricket,H
mormon,Z
moron,B
moslem,H
mosshead,H
mothafuck,B
mothafucka,B
mothafuckaz,B
mothafucked,B
mothafucker,B
mothafuckin,B
mothafucking,B
mothafuckings,B
motherfuck,B
motherfucked,B
motherfucker,B
motherfuckin,B
motherfucking,B
motherfuckings,B
motherlovebone,-
moundofvenus,A
mrhands,Z
muff,Z
muffdive,A
muffdiver,A
muffdiving,A
muffindiver,A
mufflikcer,A
mulatto,H
muncher,-
munt,-
murder,V
murderer,V
muslim,Z
mutilate,V
naked,A
nambla,M
narcotic,I
nasty,Z
nastybitch,B
nastyho,B
nastyslut,B
nastywhore,B
nawashi,A
nazi,H
necro,I
negro,H
negro's,H
negroes,H
negroid,H
neonazi,H
nicotine,I
nig,H
niger,Z
nigerian,Z
nigerians,Z
nigg,H
nigga,H
niggah,H
niggaracci,H
niggard,H
niggard's,H
niggarded,H
niggarding,H
niggardliness,H
niggardliness's,H
niggardly,H
niggards,H
niggaz,H
nigger,H
nigger's,H
niggerhead,H
niggerhole,H
niggers,H
niggle,H
niggled,H
niggles,H
niggling,H
nigglings,H
niggor,H
niggur,H
niglet,H
nignog,H
nigr,H
nigra,H
nigre,H
nimphomania,-
nip,A
nipple,A
nipplering,A
nipples,A
nittit,Z
nlgger,H
nlggor,H
nofuckingway,Z
nook,A
nookey,A
nookie,A
noonan,A
nooner,A
nsfw,A
nsfwimages,A
nude,A
nudger,A
nudity,A
nuke,Z
nutfucker,-
nutten,A
nymph,-
nympho,A
nymphomania,A
octopussy,A
omorashi,A
onecuptwogirls,A
oneguyonejar,A
ontherag,Z
oral,A
orga,A
orgasim,A
orgasm,A
orgies,A
orgy,A
osama,E
paedophile,M
paki,H
palesimian,H
palestinian,Z
pansies,B
pansy,B
panti,A
panties,A
panty,A
payo,H
pearlnecklace,A
peck,A
pecker,A
peckerwood,A
pedobear,M
pedophile,M
pedophilia,M
pee,Z
pee-pee,A
peehole,Z
peepshow,A
peepshpw,A
pegging,A
pendy,B
penetration,Z
peni5,A
penile,A
penis,A
penises,A
penthouse,Z
period,Z
perv,Z
phishing,I
phonesex,A
phuk,-
phuked,-
phuking,-
phukked,-
phukking,-
phungky,Z
phuq,-
pi55,A
picaninny,H
piccaninny,H
pickaninny,H
pieceofshit,B
piker,Z
pikey,H
piky,H
pimp,I
pimped,A
pimper,-
pimpjuic,Z
pimpjuice,Z
pimpsimp,Z
pindick,B
piss,Z
pissed,Z
pisser,A
pisses,Z
pisshead,B
pissin,Z
pissing,Z
pisspig,A
pistol,I
pixie,Z
pixy,Z
playboy,A
pleasurechest,A
pocha,H
pocho,H
pocketpool,A
pohm,H
poker,I
polack,H
polesmoker,A
pom,H
pommie,H
pommy,H
ponyplay,A
poo,Z
poof,-
poon,A
poontang,A
poop,Z
poopchute,A
pooperscooper,Z
pooping,Z
poorwhitetrash,H
popimp,-
porchmonkey,H
porn,A
pornflick,A
pornking,A
porno,A
pornography,A
pot,Z
poverty,Z
premature,Z
prick,B
primetime,Z
princealbertpiercing,A
proana,S
proanorexia,S
probulimia,S
promia,S
propaganda,Z
pros,Z
prostitute,A
protestant,Z
pthc,M
pu55i,A
pu55y,A
pube,A
pubes,A
pubic,A
pubiclice,A
pud,A
pudboy,A
pudd,A
puddboy,A
puke,Z
punany,A
puntang,A
purgingdisorder,S
purinapricness,Z
puss,Z
pussie,A
pussies,A
pussy,A
pussycat,Z
pussyeater,A
pussyfucker,A
pussylicker,A
pussylips,A
pussylover,A
pussypounder,A
pusy,A
quashie,-
queaf,A
queef,A
queer,Z
quickie,A
quim,A
ra8s,Z
rabbi,Z
racial,Z
racist,Z
radical,Z
radicals,Z
raghead,H
ragingboner,A
randy,A
rape,A
rearentry,A
redlight,A
redneck,H
refugee,Z
reject,Z
remains,Z
republican,Z
rere,B
retard,B
retarded,B
reversecowgirl,A
ribbed,Z
rigger,A
rimjob,A
rimming,A
roach,-
robber,Z
rosypalm,A
roundeye,H
russki,H
russkie,H
rustytrombone,A
sadis,Z
sadistic,V
sadom,Z
samckdaddy,Z
sandm,Z
sandnigger,H
santorum,A
satan,Z
scag,I
scallywag,B
scars,S
scat,A
schlong,A
scissoring,A
screw,Z
screwyou,Z
scrotum,A
scum,B
secretsociety,S
self harm,S
self hatred,S
seppo,H
sex,A
sexcam,A
sexcamming,A
sexed,A
sexfarm,A
sexhound,A
sexhouse,A
sexkitten,A
sexo,A
sexpot,A
sextogo,A
sextoy,A
sextoys,A
sexual,A
sexuality,Z
sexually,A
sexwhore,A
sexy,A
sexy-slim,A
sexymoma,A
shag,A
shaggin,A
shagging,A
shat,Z
shavedbeaver,A
shavedpussy,A
sheeney,H
shemale,-
shibari,A
shinola,Z
shit,Z
shitblimp,Z
shitcan,Z
shitdick,B
shite,Z
shiteater,B
shited,Z
shitface,Z
shitfaced,Z
shitfit,Z
shitforbrains,B
shitfuck,B
shitfucker,B
shitfull,Z
shithappens,Z
shithead,B
shithouse,Z
shiting,Z
shitlist,Z
shitola,Z
shitoutofluck,Z
shits,Z
shitstain,B
shitted,Z
shitter,Z
shitting,Z
shitty,Z
shoot,Z
shooting,Z
shortfuck,B
shota,A
showtime,Z
shrimping,A
sick,Z
sissy,B
sixsixsix,Z
sixtynine,A
sixtyniner,A
skank,B
skankbitch,B
skankfuck,B
skankwhore,B
skanky,B
skankybitch,B
skankywhore,B
skeet,A
skinflute,A
skinny,S
skum,B
skumbag,B
slant,Z
slanteye,H
slapper,Z
slaughter,-
slav,Z
slave,-
slavedriver,-
sleezebag,Z
sleezeball,Z
slideitin,A
slime,Z
slimeball,Z
slimebucket,Z
slopehead,H
slopey,Z
slopy,Z
slut,A
sluts,A
slutt,A
slutting,A
slutty,A
slutwear,A
slutwhore,A
smack,Z
smackthemonkey,A
smut,A
snatch,A
snatchpatch,A
snigger,H
snigger's,H
sniggered,H
sniggering,H
sniggers,H
sniper,Z
snot,Z
snowback,H
snowballing,A
snownigger,H
sob,Z
sodom,A
sodomise,A
sodomite,A
sodomize,A
sodomy,A
sonofabitch,B
sonofbitch,B
sooty,H
sos,Z
soviet,Z
spaghettibender,H
spaghettinigger,H
spank,A
spankthemonkey,A
spastic,-
sperm,A
spermacide,A
spermbag,B
spermhearder,A
spermherder,A
spic,H
spick,H
spig,H
spigotty,H
spik,H
spit,Z
spitter,A
splittail,-
splooge,A
sploogemoose,A
spooge,A
spreadeagle,A
spunk,A
spunky,A
stagg,Z
stiffy,A
strapon,A
strappado,-
stringer,Z
stripclub,A
stroke,Z
stroking,Z
stupid,Z
stupidfuck,B
stupidfucker,B
styledoggy,A
suck,Z
suckdick,A
sucker,Z
suckme,-
suckmydick,-
suckmytit,A
suckoff,A
sucks,Z
suicide,S
suicidegirls,A
sultrywomen,A
swallow,Z
swallower,A
swalow,Z
swastika,H
swatting,I
sweetness,Z
swinger,A
syphilis,A
taboo,Z
taintedlove,A
tampon,Z
tang,A
tantra,A
tarbaby,H
tard,B
tastemy,Z
teabagging,A
teat,A
terror,Z
terrorist,E
teste,A
testicle,A
testicles,A
thicklips,H
thighgap,S
thin,S
thinspiration,S
thinspo,S
thirdeye,Z
thirdleg,A
threesome,A
threeway,A
throating,A
thumbzilla,A
tiedup,A
tightwhite,Z
timbernigger,H
tinkle,A
tit,A
titbitnipply,A
titfuck,A
titfucker,A
titfuckin,A
titjob,A
titlicker,A
titlover,A
tits,A
tittie,A
titties,A
titty,A
tnt,I
tobacco,I
toilet,Z
tongethruster,A
tongue,Z
tongueina,Z
tonguethrust,A
tonguetramp,A
topless,A
tortur,V
torture,V
tosser,B
towelhead,H
trailertrash,H
tramp,B
trannie,H
tranny,H
transexual,Z
transsexual,Z
transvestite,Z
tribadism,A
triplex,Z
trisexual,A
trojan,A
trots,-
tubgirl,A
tuckahoe,Z
turd,Z
turnon,A
tushy,A
twat,-
twink,-
twinkie,H
twobitwhore,A
twogirlsonecup,A
uck,Z
uk,Z
unalive,S
undressing,A
unfuckable,B
upskirt,A
uptheass,A
upthebutt,A
urethraplay,A
urinary,Z
urinate,Z
urine,Z
urophilia,A
usama,Z
uterus,Z
vagina,A
vaginal,A
vaping,I
vatican,Z
venusmound,A
viagra,Z
vibr,Z
vibrater,A
vibrator,A
vietcong,H
violence,V
violetwand,A
virgin,Z
virginbreaker,Z
vomit,Z
vorarephilia,A
voyeur,A
voyeurweb,A
voyuer,A
vulva,A
wab,H
wank,A
wanker,-
wanking,A
waysted,Z
weapon,I
weenie,Z
weewee,A
welcher,-
welfare,Z
wetb,H
wetback,H
wetdream,Z
wetspot,A
whacker,Z
whash,H
whigger,H
whiskey,I
whiskeydick,A
whiskydick,A
whit,Z
whitenigger,H
whitepower,H
whites,Z
whitetrash,H
whitey,H
whiz,Z
whop,H
whore,A
whorefucker,-
whorehouse,A
wigger,H
willie,A
williewanker,A
willy,A
wn,Z
wog,H
women's,Z
wop,H
worldsex,A
wrappingmen,A
wrinkledstarfish,A
wtf,Z
wuss,Z
wuzzie,Z
xtc,I
xx,A
xxx,A
yankee,Z
yaoi,A
yellowman,H
yellowshowers,A
yiffy,A
zigabo,H
zipperhead,H
zoophilia,A