,coverLarger,coverMedium,coverThumb,desc,id,isCommerce,profileLarger,profileMedium,profileThumb,title,splitTitle,videoCount,viewCount
0,,,,,1600296673126405,False,,,,2g1c,,146,2500000
1,,,,,696806,False,,,,2girls1cup,,1591,41000000
2,,,,,7788308,False,,,,abbo,,4973,20200000
3,,,,,604495,False,,,,abo,,151400,881000000
4,,,,,36610,False,,,,abortion,abortion,76200,4100000000
5,,,,,64411,False,,,,abuse,,223200,6900000000
6,,,,,1649477386270725,False,,,,acrotomophilia,,1,22900
7,,,,,33728,False,,,,addict,,106300,1500000000
8,,,,,1500448,False,,,,addicts,addicts,4020,77100000
9,,,,,18552,False,,,,adult,,171500,3600000000
10,,,,,16891,False,,,,africa,,1300000,25000000000
11,,,,,11277,False,,,,african,african,408000,6600000000
12,,,,,56674100,False,,,,alabamahotpocket,,165,3700000
13,,,,,1644968688368646,False,,,,alaskanpipeline,,18,56100
14,,,,,25638,False,,,,alcohol,alcohol,539300,10100000000
15,,,,,39218,False,,,,alla,,101400,589200000
16,,,,,202706,False,,,,allah,,9500000,109800000000
17,,,,,1661611456279558,False,,,,alligatorbait,,21,68600
18,,,,,57062,False,,,,amateur,amateur,72000,483300000
19,,,,,28996,False,,,,american,american,524900,13300000000
20,,,,,4799864,False,,,,ammunition,ammunition,1010,79200000
21,,,,,22969,False,,,,ana,,211900,2000000000
22,,,,,1670969163453446,False,,,,analannie,,2,279
23,,,,,30438,False,,,,angie,,89200,844200000
24,,,,,1618847894516741,False,,,,angry,,428300,9400000000
25,,,,,1660806150411269,False,,,,anilingus,,10,137300
26,,,,,31804,False,,,,apeshit,apes hit,1528,26000000
27,,,,,23408,False,,,,arab,,1300000,61800000000
28,,,,,20397,False,,,,arabs,,46000,3200000000
29,,,,,737076,False,,,,argie,,413,2500000
30,,,,,4699008,False,,,,aroused,aroused,483,10600000
31,,,,,7103073502919393307,False,,,,arse,,359,2300000
32,,,,,5934,False,,,,asian,,1900000,59700000000
33,,,,,28184,False,,,,assassin,assassin,55700,857000000
34,,,,,6295006,False,,,,assassinate,assassinate,207,3400000
35,,,,,857419,False,,,,assassination,assassination,9506,352000000
36,,,,,6375094,False,,,,assault,assault,15100,630500000
37,,,,,70719622,False,,,,assclown,,274,3000000
38,,,,,1649321078197254,False,,,,asscowboy,,1,442
39,,,,,50444675,False,,,,assfucker,,7,6319
40,,,,,59912896,False,,,,asshore,,2,40
41,,,,,6046211,False,,,,asskisser,,153,2300000
42,,,,,1636251349607429,False,,,,assmonkey,,14,263000
43,,,,,30314151,False,,,,assmunch,,14,32100
44,,,,,1659048176762886,False,,,,asspacker,,1,934
45,,,,,1644030413688838,False,,,,asspirate,,1,4053
46,,,,,1629426954339333,False,,,,assranger,,0,1
47,,,,,18924248,False,,,,athletesfoot,athletes foot,407,60300000
48,,,,,5929,False,,,,attack,,175400,5300000000
49,,,,,75466,False,,,,australian,australian,136700,2800000000
50,,,,,1695124235899909,False,,,,autoerotic,,4,28600
51,,,,,5001,False,,,,babe,,326000,5800000000
52,,,,,73572464,False,,,,babeland,,32,192500
53,,,,,10287,False,,,,babies,,631600,17400000000
54,,,,,69574398,False,,,,babybatter,,155,4100000
55,,,,,18121756,False,,,,babyjuice,,478,15700000
56,,,,,155410,False,,,,backdoor,backdoor,36600,1100000000
57,,,,,1659824597120005,False,,,,backdoorman,,60,394800
58,,,,,40348,False,,,,backseat,backseat,11000,267900000
59,,,,,1680545786513410,False,,,,badfuck,,5,3764
60,,,,,7007820921482248198,False,,,,ballgravy,,1,278
61,,,,,35730905,False,,,,ballkicking,,17,32200
62,,,,,1596219762821125,False,,,,balllicking,,9,21800
63,,,,,64170,False,,,,balls,,322800,6300000000
64,,,,,67365508,False,,,,bangbus,,371,32600000
65,,,,,60009,False,,,,banging,banging,7115,39600000
66,,,,,2114585,False,,,,baptist,baptist,10800,182100000
67,,,,,16419,False,,,,bareback,bareback,21100,231600000
68,,,,,69111,False,,,,barelylegal,barely legal,1107,25600000
69,,,,,3656413,False,,,,barenaked,,191,10600000
70,,,,,223053,False,,,,barf,,27700,666400000
71,,,,,75192407,False,,,,barface,,26,98900
72,,,,,3513992,False,,,,barfface,,68,16700
73,,,,,82898082,False,,,,bast,,57200,237900000
74,,,,,1667218442413062,False,,,,bastinado,,6,94400
75,,,,,1614554861788166,False,,,,bazongas,,269,11900000
76,,,,,1653958775808005,False,,,,bazooms,,55,500800
77,,,,,32970,False,,,,bbw,,789900,5000000000
78,,,,,9464,False,,,,beast,,378500,6400000000
79,,,,,1635170520151046,False,,,,beastial,,7,13300
80,,,,,3048429,False,,,,beatoff,beat off,96,233800
81,,,,,3048429,False,,,,beatoff,beat off,96,233800
82,,,,,79889,False,,,,beaver,,14800,540500000
83,,,,,1644345322910726,False,,,,beavercleaver,,6,126900
84,,,,,12943593,False,,,,beaverlips,,0,26
85,,,,,17376711,False,,,,bestial,bestial,3135,50000000
86,,,,,214294,False,,,,betting,betting,73300,808700000
87,,,,,31814,False,,,,bi,,4000000,40500000000
88,,,,,63290,False,,,,bisexual,bisexual,2300000,19000000000
89,,,,,10593,False,,,,bible,,1600000,11400000000
90,,,,,584359,False,,,,bicurious,bi curious,5088,99600000
91,,,,,1618618181423109,False,,,,bigbastard,,169,29800000
92,,,,,1226035,False,,,,bigblack,big black,1803,53200000
93,,,,,31894,False,,,,bigger,,28100,730700000
94,,,,,70964304,False,,,,bigknockers,,192,23900000
95,,,,,7101398,False,,,,bimbos,,733,9500000
96,,,,,40400,False,,,,bingeeating,binge eating,13100,256200000
97,,,,,51405183,False,,,,birdlock,,2,436
98,,,,,63290,False,,,,bisexual,bisexual,2300000,19000000000
99,,,,,7213,False,,,,bitch,,825600,3100000000
100,,,,,10615654,False,,,,bitcher,,98,266700
101,,,,,5490,False,,,,bitches,,130300,598000000
102,,,,,80798,False,,,,bitchin,,5208,33400000
103,,,,,135341,False,,,,bitchslap,,2426,58600000
104,,,,,30025,False,,,,bitchy,,10500,57800000
105,,,,,75521,False,,,,biteme,,28500,197800000
106,,,,,10304,False,,,,black,,3400000,28100000000
107,,,,,525852,False,,,,blackmail,blackmail,7514,195500000
108,,,,,192678,False,,,,blackman,blackman,39300,637500000
109,,,,,7648,False,https://p16-amd-va.tiktokcdn.com/obj/musically-maliva-obj/28953af40f68e99a485fab52debfe3c9,https://p16-amd-va.tiktokcdn.com/obj/musically-maliva-obj/28953af40f68e99a485fab52debfe3c9,https://p16-amd-va.tiktokcdn.com/obj/musically-maliva-obj/28953af40f68e99a485fab52debfe3c9,blackout,blackout,179000,2700000000
110,,,,,199932,False,,,,blacks,,11600,161100000
111,,,,,25936,False,,,,blind,,206700,7600000000
112,,,,,7150066532968562730,False,,,,blondeaction,,0,899
113,,,,,16828,False,,,,blow,,318100,3600000000
114,,,,,1641824854591494,False,,,,blowyourload,,11,45100
115,,,,,9279024,False,,,,bluewaffle,blue waffle,913,22800000
116,,,,,23111655,False,,,,blumpkin,,104,845200
117,,,,,906777,False,,,,bogan,,10100,238000000
118,,,,,1653814437114886,False,,,,bohunk,,9,9094
119,,,,,7017424915250806790,False,,,,bollick,,0,0
120,,,,,1614612915589126,False,,,,bollock,,116,548800
121,,,,,17081724,False,,,,bollocks,,1573,23400000
122,,,,,19462,False,,,,bomb,,122800,3500000000
123,,,,,258472,False,,,,bombers,bombers,4119,56000000
124,,,,,17851,False,,,,bombs,,17700,414200000
125,,,,,236445,False,,,,bomd,,2262,11000000
126,,,,,7036172334549450799,False,,,,bong,,5733,76300000
127,,,,,76915,False,,,,boody,,5026,74900000
128,,,,BOOM!!! üòéüòéüòé,14837,False,,,,boom,,1300000,10000000000
129,,,,,11409244,False,,,,boong,,2567,97500000
130,,,,,1632255692584965,False,,,,boonga,,119,6400000
131,,,,,11442532,False,,,,boonie,,1673,16000000
132,,,,,1648317768871942,False,,,,bountybar,,98,1400000
133,,,,,55019,False,,,,bra,,112100,2400000000
134,,,,,7014067795910459394,False,,,,brea5t,,1,2361
135,,,,,1676680675771398,False,,,,breastjob,,29,757100
136,,,,,1622320582863174,False,,,,breastman,,20,199800
137,,,,,918897,False,,,,brothel,brothel,844,67900000
138,,,,,1706205743706117,False,,,,brownshowers,,1,899
139,,,,,15082407,False,,,,buggered,,122,718600
140,,,,,57013317,False,,,,buggery,,11,20600
141,,,,,191085,False,,,,bullcrap,bull crap,2137,10200000
142,,,,,1632207796670470,False,,,,bulldike,,3,301700
143,,,,,1602293009852421,False,,,,bulldyke,,6,14600
144,,,,,1608194393227269,False,,,,bulletvibe,bullet vibe,48,923300
145,,,,,58838,False,,,,bullshit,,99900,725000000
146,,,,,1643508417908742,False,,,,bumblefuck,,47,80700
147,,,,,2380719,False,,,,bunga,,35600,481900000
148,,,,,268266,False,,,,buried,,4246,211100000
149,,,,,5861,False,,,,burn,,228300,2900000000
150,,,,,772070,False,,,,busty,,10500,360600000
151,,,,,1673676334643205,False,,,,butchbabes,,0,223
152,,,,,72733939,False,,,,buttbang,,2,2005
153,,,,,72733939,False,,,,buttbang,,2,2005
154,,,,,69540,False,,,,butthead,,3490,39600000
155,,,,,1672510455203846,False,,,,buttstain,,6,9251
156,,,,,5807715,False,,,,byatch,,74,1600000
157,,,,,29944470,False,,,,cacker,,21,21100
158,,,,,1637051241086981,False,,,,cameljockey,camel jockey,28,254900
159,,,,,1308619,False,,,,camgirl,cam girl,4875,76300000
160,,,,,1668519828017157,False,,,,camslut,,2,27300
161,,,,,16443235,False,,,,camwhore,,7,44900
162,,,,,100695,False,,,,canadian,canadian,940400,8600000000
163,,,,,41296,False,,,,cancer,,867900,24500000000
164,,,,,29286281,False,,,,carpetmuncher,,174,967100
165,,,,,2083898,False,,,,carruth,,2,3954
166,,,,,57765,False,,,,casino,,221500,6800000000
167,,,,,199406,False,,,,catholic,catholic,237900,3500000000
168,,,,,2131040,False,,,,catholics,catholics,4016,39100000
169,,,,,1052330,False,,,,cemetery,cemetery,33900,2000000000
170,,,,,758348,False,,,,chav,,92100,2300000000
171,,,,,104606,False,,,,cherrypopper,,73,91600
172,,,,,22365119,False,,,,chickslick,,0,0
173,,,,,221571,False,,,,childrens,childrens,38300,566900000
174,,,,,151816,False,,,,chin,,50100,768800000
175,,,,,281834,False,,,,chinaman,chinaman,777,26300000
176,,,,,16168824,False,,,,chinamen,,103,1300000
177,,,,,14422,False,,,,chinese,chinese,465700,22400000000
178,,,,,76758,False,,,,chinky,,3646,4700000
179,,,,,1508176,False,,,,choad,,377,901500
180,,,,,11939,False,,,,christ,,398800,3300000000
181,,,,,46249,False,,,,christian,christian,3800000,37600000000
182,,,,,38289,False,,,,church,,745500,7600000000
183,,,,,15493737,False,,,,cialis,,442,32500000
184,,,,,8230,False,,,,cigarette,,46500,1600000000
185,,,,,160671,False,,,,cigs,,3852,166600000
186,,,,,19505384,False,,,,circlejerk,,218,2500000
187,,,,,68216295,False,,,,clamdigger,,47,592200
188,,,,,1667526765024262,False,,,,clamdiver,,1,286
189,,,,,11187982,False,,,,clevelandsteamer,,39,317400
190,,,,,7003945399715102721,False,,,,clogwog,,0,107
191,,,,,1690541484150790,False,,,,cockknob,,1,475
192,,,,,1686572108414981,False,,,,cockqueen,,1,5414
193,,,,,1668063151223830,False,,,,cocksman,,6,29000
194,,,,,1682531818371078,False,,,,cocksmith,,5,3600000
195,,,,,1647881508710406,False,,,,cocksmoker,,10,102000
196,,,,,558047,False,,,,cocktail,cocktail,241100,7200000000
197,,,,,14469619,False,,,,cocktease,,24,335500
198,,,,,21628,False,,,,cocky,,9087,122700000
199,,,,,1622012788585477,False,,,,cohee,,19,62500
200,,,,,1614766724526102,False,,,,coitus,,240,2600000
201,,,,,12561,False,,,,color,,1400000,21300000000
202,,,,,97471,False,,,,colored,colored,17700,184000000
203,,,,,683890,False,,,,coloured,coloured,28200,339900000
204,,,,,610388,False,,,,commie,,7783,94600000
205,,,,,7951036,False,,,,communist,communist,47200,595100000
206,,,,,9879068,False,,,,conservative,conservative,413900,14700000000
207,,,,,132046,False,,,,conspiracy,conspiracy,156600,14500000000
208,,,,,25551,False,,,,coolie,,17400,252000000
209,,,,,3736199,False,,,,cooly,,458,2000000
210,,,,,1666373664647189,False,,,,coprophilia,,15,34500
211,,,,,1621580948018181,False,,,,copulate,,40,76400
212,,,,,563186,False,,,,cornhole,corn hole,23700,1100000000
213,,,,,1429614,False,,,,corruption,corruption,59600,1300000000
214,,,,,1695269618843653,False,,,,cra5h,,2,371
215,,,,,413207,False,,,,crabs,,25700,1200000000
216,,,,,18592,False,,,,crack,,193600,7200000000
217,,,,,45185,False,,,,crap,,53400,629000000
218,,,,,7475794,False,,,,crapola,,113,259500
219,,,,,10260740,False,,,,crapper,,197,764500
220,,,,,56509,False,,,,crappy,,10300,48000000
221,,,,,10587,False,,,,crash,,587200,24900000000
222,,,,,515922,False,,,,creamy,,38700,1000000000
223,,,,,26771,False,,,,crime,,212500,15300000000
224,,,,,11513,False,,,,crimes,,18600,1400000000
225,,,,,9518,False,,,,criminal,criminal,345300,5800000000
226,,,,,59916,False,,,,criminals,criminals,12900,915800000
227,,,,,390117,False,,,,crotch,,776,21800000
228,,,,,7003833586885492742,False,,,,crotchmonkey,,1,758
229,,,,,54054429,False,,,,crotchrot,,20,98400
230,,,,,61589907,False,,,,csam,,374,9900000
231,,,,,1670979246600198,False,,,,cumbubble,,8,30000
232,,,,,83706635,False,,,,cumfest,,5,29500
233,,,,,1665922304123910,False,,,,cumqueen,,15,25300
234,,,,,1607430407088133,False,,,,cunilingus,,79,2500000
235,,,,,1669293712008213,False,,,,cunillingus,,2,3231
236,,,,,29707854,False,,,,cunn,,134,1300000
237,,,,,7062603966315495430,False,,,,cunntt,,3,4936
238,,,,,7056508729377685509,False,,,,cunteyed,,1,121
239,,,,,33384899,False,,,,cuntfuck,,1,8780
240,,,,,1614619922590725,False,,,,cuntfucker,,2,705
241,,,,,13749,False,,,,cuntlick,,0,0
242,,,,,49489598,False,,,,cuntlicker,,3,22200
243,,,,,1703584759483397,False,,,,cuntsucker,,0,2356
244,,,,,4651587,False,,,,dago,,5097,68500000
245,,,,,48078567,False,,,,dahmer,,75200,6500000000
246,,,,,99572,False,,,,dammit,,11200,91700000
247,,,,,14978,False,,,,damn,,457100,9300000000
248,,,,,4214151,False,,,,damnation,damnation,643,8800000
249,,,,,87505,False,,,,damnit,,23600,190100000
250,,,,,1944894,False,,,,darkie,,2222,19000000
251,,,,,754637,False,,,,darky,,4039,28600000
252,,,,,16085,False,,,,dead,,628600,11700000000
253,,,,,2564,False,,,,death,,690100,15400000000
254,,,,,1593013332531205,False,,,,defecate,defecate,57,514400
255,,,,,6969518,False,,,,dego,,1142,48300000
256,,,,,19117,False,,,,demon,,1300000,12200000000
257,,,,,1628020046530566,False,,,,dendrophilia,,11,22800
258,,,,,3178737,False,,,,deposit,deposit,2970,101800000
259,,,,,1618858333734918,False,,,,depression,,557700,5400000000
260,,,,,4981,False,,,,desire,,46500,368600000
261,,,,,61138,False,,,,destroy,destroy,40400,1300000000
262,,,,,450230,False,,,,deth,,10800,62700000
263,,,,,25021,False,,,,devil,,850700,6500000000
264,,,,,1516369,False,,,,devilworshipper,,652,16200000
265,,,,,89115580,False,,,,dickbrain,,7,8411
266,,,,,1637252801318917,False,,,,dickforbrains,,3,5003
267,,,,,3213412,False,,,,diddle,,475,4300000
268,,,,,27187,False,,,,die,,586400,3800000000
269,,,,,1618934472450054,False,,,,died,,56300,834800000
270,,,,,498243,False,,,,dies,,20400,226400000
271,,,,,55473,False,,,,dike,,2990,7100000
272,,,,,5623634,False,,,,dingleberries,dingle berries,239,4200000
273,,,,,1592290,False,,,,dingleberry,dingle berry,1063,35000000
274,,,,,315457,False,,,,dink,,4961,73800000
275,,,,,356538,False,,,,dipshit,,1991,26300000
276,,,,,3961030,False,,,,dipstick,dipstick,645,10700000
277,,,,,11608,False,,,,dirty,,215600,7200000000
278,,,,,134067,False,,,,dirtypillows,,75,4200000
279,,,,,197613,False,,,,disease,disease,28100,733400000
280,,,,,3357884,False,,,,diseases,diseases,1969,85900000
281,,,,,117918,False,,,,dismember,,234,5300000
282,,,,,928,False,,,,disturbed,,49900,504400000
283,,,,,29386,False,,,,dive,,94200,3700000000
284,,,,,3162617,False,,,,dix,,16900,56000000
285,,,,,7098367279506669611,False,,,,doggiestyle,,67,356100
286,,,,,131698,False,,,,dogstyle,,6635,18700000
287,,,,,1661642747689990,False,,,,dolcett,,3,6897
288,,,,,214336,False,,,,domination,,13500,99100000
289,,,,,1060091,False,,,,dominatrix,domina trix,8628,248300000
290,,,,,66563630,False,,,,dommes,,129,3600000
291,,,,,108980,False,,,,dong,,87800,861300000
292,,,,,1614605142459398,False,,,,donkeypunch,,484,558900
293,,,,,34642,False,,,,doodoo,,10700,131100000
294,,,,,34642,False,,,,doodoo,,10700,131100000
295,,,,,11009,False,,,,doom,,101900,1500000000
296,,,,,5324,False,,,,dope,,281500,2300000000
297,,,,,1619439547124742,False,,,,doubledong,,4,56000
298,,,,,1640976627792901,False,,,,doxxing,,1376,37600000
299,,,,,1704095440016389,False,,,,dpaction,,57,74400
300,,,,,17364,False,,,,dragqueen,drag queen,532600,7900000000
301,,,,,327509,False,,,,dragqween,,343,1300000
302,,,,,1686259637089285,False,,,,dripdick,,1,336
303,,,,,1234,False,,,,drunk,,832600,14300000000
304,,,,,168125,False,,,,drunken,drunken,11100,106100000
305,,,,,6998,False,,,,dumb,,509500,10800000000
306,,,,,30582,False,,,,dumbass,dumb ass,100300,1200000000
307,,,,,19940,False,,,,dumbbitch,,13300,92300000
308,,,,,409328,False,,,,dumbfuck,,1176,12800000
309,,,,,12445700,False,,,,dvda,,58,95400
310,,,,,1702315166127110,False,,,,dyefly,,1,872
311,,,,,7108349497490702342,False,,,,easyslut,,0,0
312,,,,,22815,False,,,,ed,,461900,7700000000
313,,,,,41074416,False,,,,ejaculated,,5,31800
314,,,,,26848960,False,,,,enema,,1333,103700000
315,,,,,39082,False,,,,enemy,,120800,2400000000
316,,,,,6803076,False,,,,ero,,11000,158800000
317,,,,,85189,False,,,,ethiopian,ethiopian,349700,5700000000
318,,,,,413487,False,,,,ethnic,,29000,1200000000
319,,,,,36638106,False,,,,eunuch,,139,2000000
320,,,,,406905,False,,,,european,european,76500,2200000000
321,,,,,7697779,False,,,,evl,,1058,45500000
322,,,,,55535379,False,,,,excrement,,216,14300000
323,,,,,519044,False,,,,execute,execute,8954,36400000
324,,,,,9752177,False,,,,executed,,1059,16700000
325,,,,,82992789,False,,,,execution,execution,24100,517700000
326,,,,,53644491,False,,,,executioner,executioner,2636,46300000
327,,,,,75604,False,,,,explosion,explosion,110400,4800000000
328,,,,,69433240,False,,,,facefucker,,17,147900
329,,,,,1680276,False,,,,faeces,,87,2700000
330,,,,,23795,False,,,,failed,,349300,2300000000
331,,,,,22217,False,,,,failure,failure,180800,2100000000
332,,,,,476657,False,,,,fairies,fairies,41800,537700000
333,,,,,25917,False,,,,fairy,,673400,6200000000
334,,,,,9425,False,,,,faith,,932300,7700000000
335,,,,,1689223171423234,False,,,,fannyfucker,,0,0
336,,,,,24303,False,,,,fart,,311200,11500000000
337,,,,,198604,False,,,,farted,,11400,247200000
338,,,,,68741,False,,,,farting,farting,29700,1600000000
339,,,,,548300,False,,,,farty,,1583,20100000
340,,,,,40348754,False,,,,fastfuck,,14,213800
341,,,,,12761,False,,,,fat,,480300,11100000000
342,,,,,7246240,False,,,,fatah,,2549,22100000
343,,,,,130579,False,,,,fatso,,2178,11800000
344,,,,,5890,False,,,,fear,,284900,5000000000
345,,,,,41887844,False,,,,fecal,,497,13500000
346,,,,,4329613,False,,,,feces,,859,49000000
347,,,,,14510631,False,,,,felch,,27,93700
348,,,,,86633293,False,,,,felcher,,8,11400
349,,,,,1664410927360005,False,,,,felching,,99,202700
350,,,,,370660,False,,,,fellatio,,70,778500
351,,,,,48312697,False,,,,feltch,,2,8527
352,,,,,40846451,False,,,,feltcher,,5,738100
353,,,,,1691071349347334,False,,,,feltching,,20,71000
354,,,,,15863199,False,,,,femdom,,15500,578800000
355,,,,,1628020451981317,False,,,,figging,,13,66800
356,,,,,8847,False,,,,fight,,1900000,55200000000
357,,,,,12951,False,,,,filipina,filipina,523800,4000000000
358,,,,,69747,False,,,,filipino,filipino,843800,17400000000
359,,,,"Sua m√£e sempre falou: 'N√£o coma suas unhas!' üõë‚ùå Mas ela nunca falou nada sobre dedos, certo? üòÇ",3984759,False,,,,fingerfood,finger food,9831,134400000
360,,,,,4379529,False,,,,fingerfuck,,13,1600000
361,,,,,33812344,False,,,,fingerfucked,,3,5018
362,,,,,88331761,False,,,,fingerfucker,,1,99
363,,,,,1673615172195333,False,,,,fingerfuckers,,0,351
364,,,,,1656209232035845,False,,,,fingerfucking,,6,5716
365,,,,,6926,False,,,,fire,,2500000,32400000000
366,,,,,262514,False,,,,firearm,firearm,2667,134300000
367,,,,,2411966,False,,,,firearms,firearms,7596,419400000
368,,,,,231846,False,,,,firing,,9292,191600000
369,,,,,6156368,False,,,,fister,,284,3200000
370,,,,,23897949,False,,,,fistfuck,,16,4475
371,,,,,7128623125767389226,False,,,,fistfucker,,0,2
372,,,,,1603744487603206,False,,,,fistfucking,,4,21300
373,,,,,4001934,False,,,,flange,,628,40500000
374,,,,,5454125,False,,,,flasher,flasher,1523,39800000
375,,,,,71186538,False,,,,flatulence,flatulence,2318,58300000
376,,,,,460868,False,,,,floo,,3477,13900000
377,,,,,24960960,False,,,,flydie,,38,481100
378,,,,,1612993284992005,False,,,,flydye,,8,11700
379,,,,,562084,False,,,,fok,,8819,85600000
380,,,,,52569342,False,,,,fondle,,100,1200000
381,,,,,263870,False,,,,footaction,foot action,718,14000000
382,,,,,46568143,False,,,,footfuck,,4,12000
383,,,,,40275144,False,,,,footstar,,24,467000
384,,,,,138995,False,,,,fore,,93600,1000000000
385,,,,,41270004,False,,,,forni,,2666,19900000
386,,,,,61161342,False,,,,fornicate,,210,2200000
387,,,,,98250,False,,,,fourtwenty,four twenty,12300,221100000
388,,,,,40721,False,,,,fraud,,47900,1300000000
389,,,,,32900842,False,,,,freakfuck,,5,722
390,,,,,1666309129923589,False,,,,frotting,,3,19500
391,,,,,24673,False,,,,fu,,2700000,37000000000
392,,,,,7113963,False,,,,fubar,,2263,30300000
393,,,,,376268,False,,,,fuc,,23000,140200000
394,,,,,796702,False,,,,fucck,,10300,53800000
395,,,,,10559,True,,,,fuck,,810700,4400000000
396,,,,,245655,False,,,,fucka,,881,2900000
397,,,,,1623977497266182,False,,,,fuckbag,,16,50000
398,,,,,1652410687612933,False,,,,fuckbuttons,,8,15400
399,,,,,62474,False,,,,fucked,,31500,414800000
400,,,,,8185,False,,,,fuckedup,,57900,700900000
401,,,,,38509,False,,,,fucker,,9777,56800000
402,,,,,107207,False,,,,fuckers,,3654,23400000
403,,,,,70759584,False,,,,fuckfreak,,6,9128
404,,,,,21553196,False,,,,fuckhead,,192,865200
405,,,,,25493,False,,,,fuckin,,6909,20900000
406,,,,,20444,False,,,,fucking,fucking,55700,209200000
407,,,,,402670,False,,,,fuckingbitch,,1580,6900000
408,,,,,1633490335740934,False,,,,fuckinnuts,,18,82400
409,,,,,112649,False,,,,fuckinright,,106,168300
410,,,,,26426,False,,,,fuckit,,127900,722100000
411,,,,,1700875505395718,False,,,,fuckknob,,2,1005
412,,,,,39385060,False,,,,fuckmonkey,,8,80100
413,,,,,33363,False,,,,fuckoff,fuck off,120000,662300000
414,,,,,46861163,False,,,,fuckpig,,143,15300
415,,,,,11658,False,,,,fucks,,2751,22400000
416,,,,,1618882918736901,False,,,,fuckyou,,78900,482300000
417,,,,,104369,False,,,,fugly,,20800,90600000
418,,,,,69595,False,,,,fuk,,40900,235800000
419,,,,,350606,False,,,,fuks,,484,3200000
420,,,,,12524,False,,,,funeral,funeral,97700,5000000000
421,,,,,1667474711315461,False,,,,funfuck,,10,20100
422,,,,,693125,False,,,,fungus,,10500,332900000
423,,,,,1646028,False,,,,fuuck,,630,3000000
424,,,,,146575,False,,,,gambling,gambling,85600,2900000000
425,,,,,10575,False,,,,gangsta,gangsta,166700,2100000000
426,,,,,19758,False,,,,gatorbait,,475,5800000
427,,,,,6285,False,,,,gay,,11100000,159700000000
428,,,,,1223411,False,,,,gaysex,,8535,127000000
429,,,,,73515,False,,,,geez,,6781,80300000
430,,,,,1617826,False,,,,geezer,,4225,78900000
431,,,,,790609,False,,,,geni,,5013,51900000
432,,,,,12104,False,,,,german,,1800000,21600000000
433,https://p16-sg.tiktokcdn.com/obj/tiktok-obj/f2509794f6c46769aed8ede75f47c715,https://p16-sg.tiktokcdn.com/obj/tiktok-obj/f2509794f6c46769aed8ede75f47c715,https://p16-sg.tiktokcdn.com/obj/tiktok-obj/f2509794f6c46769aed8ede75f47c715,,50177,False,https://p16-sg.tiktokcdn.com/obj/tiktok-obj/c8ac6ee6af9e9a06d1ff29d47c7f172b,https://p16-sg.tiktokcdn.com/obj/tiktok-obj/c8ac6ee6af9e9a06d1ff29d47c7f172b,https://p16-sg.tiktokcdn.com/obj/tiktok-obj/c8ac6ee6af9e9a06d1ff29d47c7f172b,getiton,get it on,5326,127300000
434,,,,,77406,False,,,,gin,,158300,1700000000
435,,,,,1601565123039238,False,,,,ginzo,,43,284800
436,,,,,591585,False,,,,gipp,,230,852000
437,,,,,443047,False,,,,girlon,,105,413200
438,,,,,8819329,False,,,,girlontop,girl on top,325,17800000
439,,,,,6597,False,,,,girls,,8000000,161700000000
440,,,,,199471,False,,,,girlsgonewild,girls gone wild,5454,109900000
441,,,,,18133206,False,,,,glazeddonut,glazed donut,1719,58600000
442,,,,,22608341,False,,,,goatse,,55,637700
443,,,,,429542,False,,,,gob,,10600,63200000
444,,,,,6399,False,,,,god,,5900000,47000000000
445,,,,,888065,False,,,,godammit,,75,113900
446,,,,,400710,False,,,,goddamit,goddam it,506,1600000
447,,,,,332749,False,,,,goddammit,,1422,13200000
448,,,,,68823,False,,,,goddamn,goddamn,21600,239000000
449,,,,,2765779,False,,,,goddamned,,42,2700000
450,,,,,365707,False,,,,goddamnit,goddamn it,3352,21100000
451,,,,,1658508584471553,False,,,,gokkun,,2,4104
452,,,,,1667437861629958,False,,,,gonorrehea,,0,71
453,,,,,1592702087296006,False,,,,gonzagas,,9,5525
454,,,,,11652277,False,,,,goodpoop,,244,1500000
455,,,,,3195730,False,,,,googirl,,91,546200
456,,,,,328049,False,,,,gook,,777,3000000
457,,,,,246389,False,,,,gore,,192100,3500000000
458,,,,,7006145307490648070,False,,,,goregasm,,2,1456
459,,,,,219563,False,,,,gotohell,goto hell,16100,94100000
460,,,,,268099,False,,,,goy,,5285,57400000
461,,,,,14621898,False,,,,goyim,,407,3400000
462,,,,,2033546,False,,,,greaseball,,507,11700000
463,,,,,222621,False,,,,gringo,,66700,5000000000
464,,,,,12573526,False,,,,groe,,728,9600000
465,,,,,423809,False,,,,grooming,grooming,109800,2600000000
466,,,,,7213728,False,,,,grope,,718,5700000
467,,,,,12738,False,,,,gross,,277500,14800000000
468,,,,,1607446035809285,False,,,,gubba,,94,341600
469,,,,,33764196,False,,,,gummer,,449,1100000
470,,,,,22274,False,,,,gun,,461800,8400000000
471,,,,,5710491,False,,,,guro,,12300,157000000
472,,,,,285100,False,,,,gyp,,182100,1700000000
473,,,,,1596989510801414,False,,,,gypp,,1113,19600000
474,,,,,1621342052114438,False,,,,gyppie,,5,3317
475,,,,,87971113,False,,,,gyppo,,60,1100000
476,,,,,1604497306404870,False,,,,gyppy,,158,2800000
477,,,,,12188042,False,,,,hamas,,7372,138200000
478,,,,,547606,False,,,,hapa,,5622,166100000
479,,,,,63747,False,,,,hardcore,hardcore,286100,4200000000
480,,,,,432486,False,,,,hardon,,602,4400000
481,,,,,252002,False,,,,harem,,39700,1700000000
482,,,,,117227,False,,,,headlights,headlights,13600,473700000
483,,,,,630270,False,,,,hebe,,8498,223900000
484,,,,,13717240,False,,,,heeb,,87,492100
485,,,,,36550,False,,,,hell,,431700,4200000000
486,,,,,13393789,False,,,,henhouse,,1256,8300000
487,,,,,7087580770306359323,False,,,,heroin,,405,20800000
488,,,,,252926,False,,,,herpes,,23300,734700000
489,,,,,7905828,False,,,,heterosexual,heterosexual,13300,206100000
490,,,,,152827,False,,,,hijack,,2538,111900000
491,,,,,35565332,False,,,,hijacker,,450,42600000
492,,,,,5537296,False,,,,hijacking,hijacking,424,17300000
493,,,,,974412,False,,,,hillbillies,,1885,31700000
494,,,,,47616112,False,,,,hindoo,,47,1400000
495,,,,,1663633819756710,False,,,,hiscock,,10,46100
496,,,,,1609848983139333,False,,,,hitlerism,,5,1406
497,,,,,1695594670612486,False,,,,hitlerist,,0,2228
498,,,,,661046,False,,,,hiv,,29800,1200000000
499,,,,,65180,False,,,,ho,,761700,2600000000
500,,,,,139052,False,,,,hobo,,10900,124700000
501,,,,,11355607,False,,,,hodgie,,20,205100
502,,,,,22606,False,,,,hoes,,61800,657400000
503,,,,,24015,False,,,,hole,,44100,1400000000
504,,,,,31351,False,,,,homo,,91500,873100000
505,,,,,7871420,False,,,,homoerotic,,234,3300000
506,,,,,7072971171922182186,False,,,,homosexual,,11600,142700000
507,,,,,2964373,False,,,,honger,,3399,47300000
508,,,,,17784,False,,,,honk,,23500,427600000
509,,,,,961436,False,,,,honkey,,213,1500000
510,,,,,24711,False,,,,hook,,53900,1400000000
511,,,,,1622946600258885,False,,,,hooker,,1612,30300000
512,,,,,1937640,False,,,,hookers,hookers,963,7400000
513,,,,,80410,False,,,,hooters,hooters,33500,2800000000
514,,,,,17384898,False,,,,hork,,206,3600000
515,,,,,214846,False,,,,horn,,35700,803600000
516,,,,,6527102,False,,,,horseshit,horses hit,1849,40400000
517,,,,,1702286342209541,False,,,,hosejob,,2,664
518,,,,,22196968,False,,,,hoser,,651,16300000
519,,,,,286348,False,,,,hostage,hostage,19800,435700000
520,,,,,87330257,False,,,,hotcarl,hot carl,118,17300000
521,,,,,44160,False,,,,hotchick,hot chick,5825,128700000
522,,,,,33387,False,,,,hotdamn,hot damn,6021,61500000
523,,,,,6299088,False,,,,hottotrot,,317,1400000
524,,,,,44797939,False,,,,howtomurder,,12,49500
525,,,,,375959,False,,,,hummer,,26500,742800000
526,,,,,14481,False,,,,husky,,1200000,21300000000
527,,,,,142073,False,,,,hussy,,3339,14200000
528,,,,,26237,False,,,,hustler,hustler,81900,1300000000
529,,,,,6543578,False,,,,hymen,,385,69900000
530,,,,,73472857,False,,,,hymie,,16,26900
531,,,,,24872,False,,,,idiot,,240500,3100000000
532,,,,,14882508,False,,,,ikey,,227,2100000
533,,,,,7018615752949252101,False,,,,illegal,,8572,501900000
534,,,,,9990662,False,,,,insest,,1116,37500000
535,,,,,18273,False,,,,interracial,interracial,15400,830000000
536,,,,,1636052413246470,False,,,,inthebuff,,92,5500000
537,,,,,122223,False,,,,israel,,816800,12700000000
538,,,,,16193869,False,,,,israels,,175,1300000
539,,,,,1761586,False,,,,israeli,israeli,13900,395100000
540,,,,,356061,False,,,,italiano,italiano,193400,3600000000
541,,,,,122683,False,,,,itch,,8382,162700000
542,,,,,178569,False,,,,jackass,jackass,34300,1600000000
543,,,,,79088,False,,,,jackoff,,247,1100000
544,,,,,13970991,False,,,,jackshit,jacks hit,276,544300
545,,,,,78865,False,,,,jacktheripper,jack the ripper,11500,255700000
546,,,,,5368,False,,,,jade,,234300,7200000000
547,,,,,1764520,False,,,,jailbait,jail bait,497,20200000
548,,,,,79150,False,,,,jap,,19200,186800000
549,,,,,6931,False,,,,japanese,japanese,596100,20400000000
550,,,,,20137973,False,,,,japcrap,jap crap,540,2100000
551,,,,,12132682,False,,,,jebus,,1771,16700000
552,,,,,195614,False,,,,jeez,,7561,85500000
553,,,,,2419036,False,,,,jellydonut,jelly donut,490,26300000
554,,,,,15866,False,,,,jesus,,8000000,72500000000
555,,,,,8521,False,,,,jesuschrist,jesus christ,775600,7400000000
556,,,,,92255,False,,,,jew,,46600,1200000000
557,,,,,719072,False,,,,jewish,,159100,4600000000
558,,,,,2622353,False,,,,jiga,,2125,8000000
559,,,,,15127732,False,,,,jigaboo,,62,548800
560,,,,,61292,False,,,,jigg,,1833,21400000
561,,,,,906667,False,,,,jigger,,7051,38800000
562,,,,,85736,False,,,,jiggy,,8535,112200000
563,,,,,1670082238040085,False,,,,jimfish,,3,3681
564,,,,,6071986,False,,,,jism,,21300,55100000
565,,,,,2052868,False,,,,jiz,,1098,31600000
566,,,,,1636388594104326,False,,,,jizim,,12,10600
567,,,,,1625738314814469,False,,,,jizm,,9,8903
568,,,,,1669954927312902,False,,,,jizzum,,5,31800
569,,,,,7046383593760751622,False,,,,joint,,2600,58000000
570,,,,,77091,False,,,,juggalo,,71100,261000000
571,,,,,12872,False,,,,juggs,,341,8700000
572,,,,,1613004,False,,,,jugs,,2631,77700000
573,,,,,1640487683206150,False,,,,junglebunny,,22,178400
574,,,,,20276222,False,,,,kaffer,,64,324800
575,,,,,1696750331166726,False,,,,kaffre,,0,2573
576,,,,,30005157,False,,,,kafir,,3906,174500000
577,,,,,7229,False,,,,kid,,697400,17200000000
578,,,,,18535599,False,,,,kigger,,208,762700
579,,,,,579234,False,,,,kike,,14800,83500000
580,,,,,11397,False,,,,kill,,552800,3300000000
581,,,,,17139,False,,,,killed,,117500,464500000
582,,,,,24341,False,,,,killer,,397600,5000000000
583,,,,,88657,False,,,,kills,,93800,468800000
584,,,,,89266976,False,,,,kinbaku,,437,27300000
585,,,,,7030900129397735430,False,,,,kinky,,8819,171200000
586,,,,,31613,False,,,,knife,,319900,8800000000
587,,,,,7029820838526320645,False,,,,knobbing,,0,2919
588,,,,,27019,False,,,,knockers,knockers,1538,56500000
589,,,,,893677,False,,,,kock,,2127,25900000
590,,,,,1613689677872150,False,,,,kondum,,27,173300
591,,,,,11221156,False,,,,kotex,,2281,416900000
592,,,,,235198,False,,,,krap,,10000,216300000
593,,,,,16071206,False,,,,krappy,,24,229100
594,,,,,31589779,False,,,,kraut,,638,12500000
595,,,,,300680,False,,,,kum,,29700,473000000
596,,,,,1684954103687174,False,,,,kumbubble,,71,2900000
597,,,,,12678291,False,,,,kummer,,10200,51700000
598,,,,,65876163,False,,,,kumming,,14,16400
599,,,,,7664290,False,,,,kumquat,kumquat,1261,38300000
600,,,,,13695138,False,,,,kums,,655,2400000
601,,,,,1650075581048837,False,,,,kunilingus,,6,126400
602,,,,,75032,False,,,,ky,,129400,1200000000
603,,,,,135309,False,,,,kyke,,98,107800
604,,,,,55651012,False,,,,lactate,lactate,279,3800000
605,,,,,18088,False,,,,laid,,7294,82700000
606,,,,,8551,False,,,,lapdance,lap dance,4973,199200000
607,,,,,5784,False,,,,latin,,301000,4300000000
608,,,,,1651958864948230,False,,,,leatherstraightjacket,,1,4784
609,,,,,10103852,False,,,,lemonparty,,328,3500000
610,,,,,166205,False,,,,lesbain,les bain,80300,512700000
611,,,,,7081839428913610798,False,,,,lesbayn,,0,128
612,,,,,19119,False,,,,lesbian,lesbian,5700000,59900000000
613,,,,,681389,False,,,,lesbin,,3590,32500000
614,,,,,220302,False,,,,lez,,10000,98700000
615,,,,,37646272,False,,,,lezbe,,89,821800
616,,,,,135276,False,,,,lezbefriends,,4837,9300000
617,,,,,159809,False,,,,lezbo,,751,2000000
618,,,,,409595,False,,,,lezz,,563,6000000
619,,,,,1026545,False,,,,lezzo,,483,8200000
620,,,,,913692,False,,,,liberal,liberal,289200,9400000000
621,,,,,1321360,False,,,,libido,,20400,905700000
622,,,,,470704,False,,,,licker,,3048,21100000
623,,,,,10151,False,,,,lies,,239900,3700000000
624,,,,,665666,False,,,,limey,,156,1400000
625,,,,,2547497,False,,,,limy,,393,339000
626,,,,,7106927843929489454,False,,,,lingerie,,17600,175700000
627,,,,,40103,False,,,,liquor,,39300,1000000000
628,,,,,249828,False,,,,loadedgun,,481,2800000
629,,,,,62959,False,,,,lolita,,138700,2000000000
630,,,,,91193,False,,,,looser,,31300,213000000
631,,,,,7208,False,,,,loser,,296000,2300000000
632,,,,,9490,False,,,,lotion,,36100,802600000
633,,,,,6238197,False,,,,lotteries,,66,6000000
634,,,,,5046395,False,,,,lovebone,,265,447400
635,,,,,34881410,False,,,,lovegoo,,33,288800
636,,,,,3298511,False,,,,lovegun,,1142,7600000
637,,,,,65234,False,,,,lovemaking,lovemaking,1641,12300000
638,,,,,1611090010809345,False,,,,lovemuscle,,168,1300000
639,,,,,60337536,False,,,,lovepistol,,20,1900000
640,,,,,5168194,False,,,,loverocket,,196,229800
641,,,,,230900,False,,,,lowlife,low life,73200,749900000
642,,,,,1596957175159813,False,,,,lubejob,,20,1100000
643,,,,,60046,False,,,,lucifer,lucifer,637400,10900000000
644,,,,,69632313,False,,,,lugan,,184,2400000
645,,,,,22310,False,,,,lynch,,5208,82000000
646,,,,,11469529,False,,,,macaca,,546,3000000
647,,,,,24672,False,,,,mad,,579800,9500000000
648,,,,,20455,False,,,,mafia,,613400,13800000000
649,,,,,138885,False,,,,magicwand,magic wand,8829,285400000
650,,,,,355439,False,,,,mams,,5836,26200000
651,,,,,538850,False,,,,manhater,,807,14800000
652,,,,,1671026529405957,False,,,,mastabate,,23,197100
653,,,,,1421734,False,,,,masterblaster,master blaster,3246,30200000
654,,,,,75040867,False,,,,mastrabator,,0,101
655,,,,,1690061559269381,False,,,,mattressprincess,,1,0
656,,,,,1629788952449029,False,,,,meatbeatter,meat beat ter,1,12400
657,,,,,1644797392338950,False,,,,meatrack,,17,215200
658,,,,,4863260,False,,,,menageatrois,menage a trois,324,21200000
659,,,,,4892,False,,,,mexican,mexican,1200000,48500000000
660,,,,,764,False,,,,mia,,357600,3600000000
661,,,,,1644951828668421,False,,,,mickeyfinn,,82,218200
662,,,,,3448685,False,,,,mideast,,597,14900000
663,,,,,465207,False,,,,minority,minority,7033,130000000
664,,,,,1639549717570565,False,,,,missionaryposition,,17,29500
665,,,,,6870464,False,,,,mockey,,469,4500000
666,,,,,1631793020401670,False,,,,mockie,,10,42600
667,,,,,4879605,False,,,,mocky,,362,1700000
668,,,,,69869,False,,,,mofo,,3928,65800000
669,,,,,7742181,False,,,,moky,,549,1400000
670,,,,,4327316,False,,,,moles,,3901,201300000
671,,,,,14853690,False,,,,molestation,molestation,937,10900000
672,,,,,1646221849110533,False,,,,molestor,,36,6300000
673,,,,,88924,False,,,,moneyshot,money shot,3325,110500000
674,,,,,453449,False,,,,mong,,19600,186100000
675,,,,,1628148251996166,False,,,,mooncricket,,21,376000
676,,,,,327924,False,,,,mormon,,36400,1300000000
677,,,,,210650,False,,,,moron,,17000,202000000
678,,,,,437725,False,,,,moslem,,29700,623600000
679,,,,,53544241,False,,,,mosshead,,455,5900000
680,,,,,230229,False,,,,mothafuck,,39,119500
681,,,,,110587,False,,,,mothafucka,,427,1500000
682,,,,,1664282096183302,False,,,,mothafuckaz,,3,927
683,,,,,50508168,False,,,,mothafucked,,2,70
684,,,,,244778,False,,,,mothafuckin,,51,201100
685,,,,,4481127,False,,,,mothafucking,,19,13000
686,,,,,15612210,False,,,,motherfucked,,15,3751
687,,,,,25014,False,,,,motherfucker,motherfucker,16500,83900000
688,,,,,292621,False,,,,motherfucking,,1059,5600000
689,,,,,1708094230197253,False,,,,motherfuckings,,0,361
690,,,,,1958645,False,,,,motherlovebone,,402,5200000
691,,,,,1686333938679813,False,,,,moundofvenus,,1,1725
692,,,,,1616498708562950,False,,,,mrhands,,141,16900000
693,,,,,520914,False,,,,muff,,1667,21100000
694,,,,,1641906848389125,False,,,,muffdive,,153,1300000
695,,,,,1612187595731973,False,,,,muffdiver,,67,262400
696,,,,,1618156818021382,False,,,,muffdiving,,21,856500
697,,,,,558794,False,,,,mulatto,mulatto,16500,361500000
698,,,,,520915,False,,,,muncher,munch er,504,6500000
699,,,,,10091704,False,,,,munt,,734,6600000
700,,,,,9288,False,,,,murder,,234100,7600000000
701,,,,,199203,False,,,,murderer,murderer,27500,788300000
702,,,,,5813,False,,,,muslim,,3600000,76100000000
703,,,,,6578142,False,,,,mutilate,,65,280500
704,,,,,1614809651356677,False,,,,nambla,,226,2100000
705,,,,,20574,False,,,,nasty,,216500,5600000000
706,,,,,97445,False,,,,nastybitch,,1971,9100000
707,,,,,126907,False,,,,nastyho,,30,145400
708,,,,,33068269,False,,,,nastyslut,,3,5063
709,,,,,47896587,False,,,,nastywhore,,16,31600
710,,,,,1664514505329669,False,,,,nawashi,,15,751700
711,,,,,2342,False,,,,necro,,1648,15800000
712,,,,,7016739794478694406,False,,,,negro,,103500,746900000
713,,,,,64382,False,,,,nicotine,nicotine,29000,945200000
714,,,,,500673,False,,,,niger,,108900,754700000
715,,,,,38149,False,,,,nigerian,nigerian,168900,2100000000
716,,,,,2988581,False,,,,nigerians,nigerians,18600,237000000
717,,,,,7045361522867961861,False,,,,niggaracci,,2,1454
718,,,,,901985,False,,,,niggard,,3,8400
719,,,,,7006139270326910981,False,,,,niggards,,0,4
720,,,,,7006139270326910981,False,,,,niggards,,0,4
721,,,,,7049846837041332229,False,,,,nigglings,,0,1864
722,,,,,690567,False,,,,nofuckingway,,1043,5900000
723,,,,,646347,False,,,,nook,,10200,95300000
724,,,,,782371,False,,,,nookey,,108,141900
725,,,,,176170,False,,,,nookie,,1637,21500000
726,,,,,16589256,False,,,,noonan,,220,1900000
727,,,,,34564213,False,,,,nooner,,213,6100000
728,,,,,115073,False,,,,nsfw,,86600,3800000000
729,,,,,1696786474563590,False,,,,nsfwimages,,0,166
730,,,,,7039185666206351407,False,,,,nude,,16500,139400000
731,,,,,35579402,False,,,,nudger,,3,4300
732,,,,,442768,False,,,,nuke,,46200,1200000000
733,,,,,1668037551646725,False,,,,nutfucker,,3,180300
734,,,,,10050636,False,,,,nymph,,7105,37800000
735,,,,,246721,False,,,,nympho,,718,17600000
736,,,,,1610436359395334,False,,,,nymphomania,,25,189800
737,,,,,1672976898086917,False,,,,onecuptwogirls,,1,1409
738,,,,,1661330504471558,False,,,,oneguyonejar,,31,677100
739,,,,,19638470,False,,,,ontherag,,63,180200
740,,,,,230343,False,,,,oral,,17300,531600000
741,,,,,22135402,False,,,,orga,,2800,21300000
742,,,,,347738,False,,,,orgies,,40,967400
743,,,,,371339,False,,,,paki,,91400,798900000
744,,,,,6243439,False,,,,palestinian,palestinian,44500,1700000000
745,,,,,13055696,False,,,,pansies,pansies,838,3600000
746,,,,,9296718,False,,,,pansy,,27700,301000000
747,,,,,7182037,False,,,,panti,,13100,85100000
748,,,,,155934,False,,,,panties,panties,12600,638700000
749,,,,,13826236,False,,,,payo,,3714,40200000
750,,,,,14244592,False,,,,pearlnecklace,pearl necklace,10000,198600000
751,,,,,4409558,False,,,,peck,,2815,27400000
752,,,,,17138125,False,,,,pecker,,1838,48500000
753,,,,,7086338,False,,,,peckerwood,,114,2100000
754,,,,,236772,False,,,,pee,,130700,2100000000
755,,,,,35340347,False,,,,peehole,pee hole,114,1500000
756,,,,,379392,False,,,,peepshow,peep show,5665,164900000
757,,,,,29053956,False,,,,pendy,,433,891700
758,,,,,1601058348880901,False,,,,penile,,83,507200
759,,,,,111387,False,,,,penthouse,penthouse,119900,5600000000
760,,,,,64869,False,,,,period,,385100,12900000000
761,,,,,293551,False,,,,perv,,8480,182600000
762,,,,,13901378,False,,,,phishing,phishing,3029,127800000
763,,,,,18106655,False,,,,phuk,,630,3000000
764,,,,,1660606196249605,False,,,,phuked,,7,14300
765,,,,,1688464253931525,False,,,,phuking,,3,41500
766,,,,,7111499336714092586,False,,,,phukked,,0,314
767,,,,,1613936586387462,False,,,,phuq,,23,104200
768,,,,,1629312545095682,False,,,,pi55,,6,129800
769,,,,,1665053018747910,False,,,,piccaninny,,1,458
770,,,,,1697028263566341,False,,,,pickaninny,,1,1548
771,,,,,266447,False,,,,pieceofshit,,5091,34100000
772,,,,,22194036,False,,,,piker,,2198,17700000
773,,,,,9545434,False,,,,pikey,,556,7400000
774,,,,,1944979,False,,,,piky,,1951,8200000
775,,,,,10175,False,,,,pimp,,43200,892400000
776,,,,,2199302,False,,,,pimped,,802,12700000
777,,,,,65461270,False,,,,pimper,,165,14700000
778,,,,,117782,False,,,,pimpjuice,pimp juice,616,5900000
779,,,,,1662980081364998,False,,,,pimpsimp,,24,211300
780,,,,,53804380,False,,,,pindick,,10,51900
781,,,,,25678,False,,,,piss,,280800,2900000000
782,,,,,24988,False,,,,pissed,,45000,593500000
783,,,,,2523850,False,,,,pisses,,320,3000000
784,,,,,16579589,False,,,,pisshead,,1235,10500000
785,,,,,14037798,False,,,,pissin,,335,5600000
786,,,,,136548,False,,,,pissing,pissing,2920,34400000
787,,,,,404969,False,,,,pissoff,piss off,7991,71900000
788,,,,,1700118714805253,False,,,,pisspig,,4,12900
789,,,,,14584,False,,,,pistol,,58200,1000000000
790,,,,,23798,False,,,,pixie,,49300,524100000
791,,,,,732948,False,,,,pixy,,23600,186600000
792,,,,,103216,False,,,,playboy,playboy,128200,2000000000
793,,,,,90608,False,,,,playgirl,play girl,7252,68600000
794,,,,,1664978455016454,False,,,,pleasurechest,,10,626400
795,,,,,752370,False,,,,pocha,,9307,42400000
796,,,,,1534127,False,,,,pocho,,6685,131400000
797,,,,,63474405,False,,,,pocketpool,,80,1800000
798,,,,,1631885056745477,False,,,,pohm,,13,48900
799,,,,,128562,False,,,,poker,,102000,3100000000
800,,,,,32571250,False,,,,polack,,81,468700
801,,,,,1634089733448709,False,,,,polesmoker,,13,82000
802,,,,,70417,False,,,,pom,,112100,866000000
803,,,,,6929832,False,,,,pommie,,419,2400000
804,,,,,247623,False,,,,pommy,,1916,5100000
805,,,,,16132477,False,,,,ponyplay,pony play,400,2700000
806,,,,,70934,False,,,,poo,,139100,2000000000
807,,,,,201668,False,,,,poof,,19000,185900000
808,,,,,718367,False,,,,poon,,1650,23700000
809,,,,,7758522,False,,,,poontang,,108,338400
810,,,,,7028,False,,,,poop,,356100,6400000000
811,,,,,127568,False,,,,pooper,,2748,9800000
812,,,,,3877666,False,,,,pooperscooper,,697,4500000
813,,,,,83722,False,,,,pooping,pooping,15300,346300000
814,,,,,4652072,False,,,,popimp,,164,1100000
815,,,,,7105012255606964250,False,,,,porn,,3615,26600000
816,,,,,1673246978085893,False,,,,pornflick,,1,1244
817,,,,,23174052,False,,,,pornking,,21,59000
818,,,,,29127424,False,,,,pornprincess,,0,371
819,,,,,6967,False,,,,pot,,57100,934700000
820,,,,,130183,False,,,,poverty,poverty,35400,721500000
821,,,,,1646575,False,,,,premature,premature,8892,290800000
822,,,,,529898,False,,,,pric,,656,1200000
823,,,,,451864,False,,,,prick,,5372,111100000
824,,,,,1629775442736133,False,,,,prickhead,,2,2336
825,,,,,1658899781769221,False,,,,princealbertpiercing,,66,1500000
826,,,,,39253,False,,,,propaganda,propaganda,55300,882100000
827,,,,,135806,False,,,,pros,,34600,364000000
828,,,,,12834241,False,,,,protestant,protestant,93700,633100000
829,,,,,1675928130811905,False,,,,pu55i,,12,29200
830,,,,,81951,False,,,,pu55y,,86,282900
831,,,,,13971096,False,,,,pube,,1541,7700000
832,,,,,28531538,False,,,,pubiclice,,149,4100000
833,,,,,406371,False,,,,pud,,1852,16300000
834,,,,,1688799629480962,False,,,,pudboy,,0,197
835,,,,,418027,False,,,,pudd,,133,237100
836,,,,,16453,False,,,,puke,,16700,379700000
837,,,,,38375676,False,,,,punany,,35,781700
838,,,,,24327775,False,,,,puntang,,303,1500000
839,,,,,1668146547201029,False,,,,purgingdisorder,,43,411500
840,,,,,1681034769241094,False,,,,quashie,,4,1332
841,,,,,1619500755964933,False,,,,queaf,,2,2320
842,,,,,512292,False,,,,queef,,9410,278900000
843,,,,,94948,False,,,,queer,,1300000,16800000000
844,,,,,34738,False,,,,quickie,,4328,47100000
845,,,,,2663840,False,,,,quim,,840,4100000
846,,,,,486921,False,,,,rabbi,,12300,192900000
847,,,,,2870200,False,,,,racial,,1566,51800000
848,,,,,227836,False,,,,racist,,152200,7400000000
849,,,,,62501,False,,,,radical,radical,37800,653900000
850,,,,,161182,False,,,,radicals,radicals,690,15700000
851,,,,,1627742164839430,False,,,,ragingboner,,15,1600000
852,,,,,22466,False,,,,randy,,26500,577000000
853,,,,,230421,False,,,,raper,,25800,210900000
854,,,,,110234,False,,,,rearend,,1062,37200000
855,,,,,1661265682077702,False,,,,rearentry,,20,5500000
856,,,,,6991622,False,,,,rectum,,525,8500000
857,,,,,18711,False,,,,redlight,red light,63100,1100000000
858,,,,,20447,False,,,,redneck,redneck,265700,5200000000
859,,,,,180182,False,,,,reefer,,5086,48600000
860,,,,,35586,False,,,,refugee,refugee,10900,288100000
861,,,,,46596,False,,,,reject,,19900,262400000
862,,,,,3610370,False,,,,remains,,1033,28200000
863,,,,,5568065,False,,,,republican,republican,427700,14100000000
864,,,,,613687,False,,,,rere,,7981,81100000
865,,,,,6707422,False,,,,ribbed,,587,14300000
866,,,,,24988614,False,,,,rimming,,118,1800000
867,,,,,62707,False,,,,roach,,24400,826000000
868,,,,,99161,False,,,,robber,,19000,781500000
869,,,,,1659480349380630,False,,,,rosypalm,,2,12600
870,,,,,69978963,False,,,,roundeye,,237,15100000
871,,,,,314041,False,,,,rump,,1344,21600000
872,,,,,8679191,False,,,,russki,,1948,48500000
873,,,,,30672834,False,,,,russkie,,270,937800
874,,,,,59448446,False,,,,rustytrombone,,55,351300
875,,,,,48509,False,,,,sm,,248100,3000000000
876,,,,,2716847,False,,,,sadis,,5649,318000000
877,,,,,25068442,False,,,,sadism,,707,5000000
878,,,,,454353,False,,,,sadistic,sadistic,2749,34200000
879,,,,,33388955,False,,,,sadom,,66,396100
880,,,,,149082,False,,,,sandm,,2689,37000000
881,,,,,1635717116321797,False,,,,sandnigger,,0,1301
882,,,,,10282725,False,,,,santorum,,50,583800
883,,,,,62026,False,,,,satan,,158800,2500000000
884,,,,,48240155,False,,,,scag,,2143,123200000
885,,,,,723749,False,,,,scallywag,scallywag,601,31500000
886,,,,,20103,False,,,,scars,,112100,1500000000
887,,,,,261981,False,,,,scat,,8852,195100000
888,,,,,11696039,False,,,,scissoring,,245,3000000
889,,,,,38486,False,,,,screw,,27900,612000000
890,,,,,124154,False,,,,screwyou,screw you,8573,71800000
891,,,,,4656160,False,,,,secretsociety,secret society,5672,152900000
892,,,,,376842,False,,,,selfhatred,self hatred,5587,72400000
893,,,,,52116029,False,,,,seppo,,985,13700000
894,,,,,4019496,False,,,,servant,servant,8959,268900000
895,,,,,9125,False,,,,sex,,147900,3000000000
896,,,,,1666002340070402,False,,,,sexfarm,,2,1885
897,,,,,1709458522225669,False,,,,sexhound,,1,527
898,,,,,7032324970131374082,False,,,,sextogo,,0,284
899,,,,,39484,False,,,,sexual,,34300,645900000
900,,,,,3604100,False,,,,sexuality,sexuality,52500,1200000000
901,,,,,363791,False,,,,sexually,,1910,9500000
902,,,,,1687016584194054,False,,,,sexwhore,,0,909
903,,,,,7253,False,,,,sexy,,2000000,25500000000
904,,,,,1598362547846149,False,,,,sexyslim,,267,1300000
905,,,,,74701542,False,,,,sexymoma,,2534,78700000
906,,,,,531555,False,,,,shag,,12700,287300000
907,,,,,59345,False,,,,shaggin,,97,957200
908,,,,,9482753,False,,,,shagging,,284,25600000
909,,,,,10079,False,,,,shat,,12600,111000000
910,,,,,30144584,False,,,,shav,,1161,13300000
911,,,,,1631380394234885,False,,,,shavedbeaver,,11,19300
912,,,,,74558655,False,,,,shawtypimp,,15,41000
913,,,,,1639214514886658,False,,,,sheeney,,21,8878
914,,,,,255622,False,,,,shemale,shemale,3957,60600000
915,,,,,20866590,False,,,,shhit,,38,557900
916,,,,,77580374,False,,,,shibari,,14000,758300000
917,,,,,59096636,False,,,,shinola,,325,4000000
918,,,,,7114,False,,,,shit,,404300,4900000000
919,,,,,81645474,False,,,,shitcan,shit can,51,393800
920,,,,,58266497,False,,,,shiteater,,188,16800000
921,,,,,15633502,False,,,,shited,,327,8500000
922,,,,,270125,False,,,,shitface,,944,33900000
923,,,,,726504,False,,,,shitfaced,,1704,12500000
924,,,,,1645988550174725,False,,,,shitfit,,18,60700
925,,,,,2544322,False,,,,shitforbrains,,155,1700000
926,,,,,4317932,False,,,,shitfuck,,462,865600
927,,,,,21508591,False,,,,shitfucker,,7,12600
928,,,,,1624286391727110,False,,,,shitfull,,0,7544
929,,,,,8364444,False,,,,shithapens,,162,2100000
930,,,,,28527,False,,,,shithappens,shit happens,35700,560000000
931,,,,,122266,False,,,,shithead,shit head,3400,26200000
932,,,,,14425493,False,,,,shithouse,,831,36100000
933,,,,,426615,False,,,,shiting,shi ting,1224,14000000
934,,,,,557786,False,,,,shitlist,shit list,589,3300000
935,,,,,1625970161733637,False,,,,shitola,,11,4949
936,,,,,2947068,False,,,,shitoutofluck,,129,582000
937,,,,,26463,False,,,,shits,,8168,76600000
938,,,,,4867178,False,,,,shitstain,shit stain,618,8800000
939,,,,,76963,False,,,,shitted,,1064,17500000
940,,,,,373752,False,,,,shitter,,4281,35100000
941,,,,,41260,False,,,,shitting,shitting,3104,62100000
942,,,,,49815,False,,,,shitty,,10300,125200000
943,,,,,21997,False,,,,shoot,,551900,7500000000
944,,,,,22133,False,,,,shooting,shooting,517400,11900000000
945,,,,,366185,False,,,,shota,,23300,363700000
946,,,,Scatenatiüìå...the show is ON‚ñ∂Ô∏è! Tagga #showtime,17081,False,,,,showtime,showtime,161300,4500000000
947,,,,,12053088,False,,,,shrimping,shrimping,704,21400000
948,,,,,14211,False,,,,sick,,825200,8200000000
949,,,,,17721,False,,,,sissy,,99200,441500000
950,,,,,605231,False,,,,sixsixsix,,558,1300000
951,,,,,660889,False,,,,sixtynine,sixty nine,3869,54600000
952,,,,,1654567939061766,False,,,,sixtyniner,,7,12100
953,,,,,7374,False,,,,skank,,10800,105500000
954,,,,,1632016862388229,False,,,,skankbitch,,7,49800
955,,,,,1616222776822790,False,,,,skankwhore,,2,3470
956,,,,,444029,False,,,,skanky,,305,4300000
957,,,,,74534810,False,,,,skankybitch,,46,33600
958,,,,,1615544686737414,False,,,,skankywhore,,13,8783
959,,,,,1616052007522310,False,,,,skinflute,,55,798700
960,,,,,33687,False,,,,skinny,,135500,3400000000
961,,,,,10279415,False,,,,skum,,913,15000000
962,,,,,42371178,False,,,,skumbag,,20,39900
963,,,,,5057709,False,,,,slant,,361,6600000
964,,,,,1614939116266502,False,,,,slanteye,,7,209300
965,,,,,93368,False,,,,slapper,slap per,2253,25500000
966,,,,,3640,False,,,,slaughter,slaughter,3745,55000000
967,,,,,7667391,False,,,,slav,,21600,605500000
968,,,,,3843,False,,,,slave,,26200,448000000
969,,,,,19267359,False,,,,slavedriver,,76,451700
970,,,,,1666276413948934,False,,,,sleezebag,,15,54800
971,,,,,1617616856463365,False,,,,sleezeball,,18,125100
972,,,,,980803,False,,,,slideitin,slide it in,180,1200000
973,,,,¬°Busca la receta perfecta de #slime y comparte tus favoritos!,47378,False,https://p16-amd-va.tiktokcdn.com/obj/musically-maliva-obj/ee8126c5575b7aeff8e2b8f0cb31fbed,https://p16-amd-va.tiktokcdn.com/obj/musically-maliva-obj/ee8126c5575b7aeff8e2b8f0cb31fbed,https://p16-amd-va.tiktokcdn.com/obj/musically-maliva-obj/ee8126c5575b7aeff8e2b8f0cb31fbed,slime,,3100000,72300000000
974,,,,,44485,False,,,,slimeball,slime ball,1300,29300000
975,,,,,16144159,False,,,,slimebucket,slime bucket,53,18000000
976,,,,,1660840745633798,False,,,,slopehead,,5,13700
977,,,,,65057271,False,,,,slopey,,118,867500
978,,,,,280689,False,,,,slopy,,520,749300
979,,,,,7083745187574317099,False,,,,slut,,1975,16700000
980,,,,,36284,False,,,,sluts,,2870,61900000
981,,,,,60743228,False,,,,slutting,,4,6905
982,,,,,60858,False,,,,slutty,,2447,26800000
983,,,,,1671061941850118,False,,,,slutwear,,3,978
984,,,,,4700107,False,,,,slutwhore,,11,70900
985,,,,,7164,False,,,,smack,,47500,972800000
986,,,,,3836917,False,,,,smackthemonkey,,0,0
987,,,,,682201,False,,,,smut,,112300,4100000000
988,,,,,6596,False,,,,snatch,,50900,647900000
989,,,,,1637790643985413,False,,,,snatchpatch,,3,4039
990,,,,,48128,False,,,,sniper,,1200000,8300000000
991,,,,,354404,False,,,,snot,,13100,322700000
992,,,,,9316878,False,,,,snowback,,41,48600
993,,,,,5590893,False,,,,snowballing,,120,1600000
994,,,,,291542,False,,,,sob,,24000,154100000
995,,,,,234389,False,,,,sodom,,1509,20900000
996,,,,,1689353950875650,False,,,,sodomise,,5,8071
997,,,,,1616026893459461,False,,,,sodomite,,34,976400
998,,,,,1618527895695365,False,,,,sodomize,,2,2121
999,,,,,590892,False,,,,sonofabitch,,2170,14200000
1000,,,,,473505,False,,,,sooty,,2136,9400000
1001,,,,,38554,False,,,,sos,,383200,7600000000
1002,,,,,247246,False,,,,soviet,,25300,841800000
1003,,,,,1705095093855237,False,,,,spaghettibender,,1,32
1004,,,,,4837974,False,,,,spankthemonkey,spank the monkey,132,1900000
1005,,,,,448455,False,,,,spastic,spastic,1521,9000000
1006,,,,,7051754804225261614,False,,,,spermacide,,0,3349
1007,,,,,1696066592146437,False,,,,spermbag,,0,315
1008,,,,,764249,False,,,,spic,,993,17500000
1009,,,,,2364554,False,,,,spick,,260,2100000
1010,,,,,1556467,False,,,,spig,,270,700300
1011,,,,,1694347124295686,False,,,,spigotty,,0,549
1012,,,,,5370486,False,,,,spik,,783,3300000
1013,,,,,59800,False,,,,spit,,18700,423600000
1014,,,,,160967,False,,,,spitter,spit ter,755,15200000
1015,,,,,1668892620061701,False,,,,splittail,,6,10400
1016,,,,,1493619,False,,,,splooge,,83,1200000
1017,,,,,32153920,False,,,,spooge,,22,91300
1018,,,,,4732011,False,,,,spreadeagle,,554,5600000
1019,,,,,1596967073725446,False,,,,spreadlegs,,95,621500
1020,,,,,858929,False,,,,spunky,,2759,10700000
1021,,,,,514160,False,,,,squaw,,493,2900000
1022,,,,,4657900,False,,,,stagg,,836,5700000
1023,,,,,1769584,False,,,,stiffy,,379,16200000
1024,,,,,420415,False,,,,strapon,strap on,2040,67900000
1025,,,,,1660356074285062,False,,,,strappado,,2,466400
1026,,,,,2057597,False,,,,stringer,stringer,1943,34200000
1027,,,,,51208,False,,,,stripclub,,5332,147100000
1028,,,,,18236,False,,,,stroke,,27700,1400000000
1029,,,,,164988,False,,,,stroking,stroking,793,7500000
1030,,,,Stupid boy think that I need him ‚ô¨,6207,False,,,,stupid,,773900,10600000000
1031,,,,,79072284,False,,,,stupidfucker,,31,58600
1032,,,,,74007939,False,,,,styledoggy,,3,1929
1033,,,,,68405,False,,,,suck,,58900,563200000
1034,,,,,59413,False,,,,sucker,,29400,272700000
1035,,,,,22823138,False,,,,suckoff,,63,200600
1036,,,,,31225,False,,,,sucks,,88700,648700000
1037,,,,,10464,False,,,,swallow,swallow,11000,226600000
1038,,,,,71145685,False,,,,swallower,,41,232400
1039,,,,,34362779,False,,,,swalow,,470,8500000
1040,,,,,9634738,False,,,,swatting,,274,38600000
1041,,,,,9750,False,,,,sweetness,sweetness,26700,141100000
1042,,,,,421999,False,,,,swinger,swinger,8108,521800000
1043,,,,,349951,False,,,,syphilis,syphilis,1413,34000000
1044,,,,,274396,False,,,,taboo,,12400,359200000
1045,,,,,2887326,False,,,,taff,,11000,210200000
1046,,,,,180284,False,,,,taintedlove,tainted love,9661,101600000
1047,,,,,137633,False,,,,tampon,,22200,2700000000
1048,,,,,86962,False,,,,tang,,57500,903000000
1049,,,,,451952,False,,,,tantra,,16700,409000000
1050,,,,,8693615,False,,,,tarbaby,,51,100800
1051,,,,,1805577,False,,,,tard,,7208,45900000
1052,,,,,69711138,False,,,,tastemy,,13,38600
1053,,,,,4614494,False,,,,teabagging,tea bagging,549,4300000
1054,,,,,142954,False,,,,teat,,917,5500000
1055,https://p16-amd-va.tiktokcdn.com/obj/musically-maliva-obj/09ee232d68f95f9be7016e60a099892e,https://p16-amd-va.tiktokcdn.com/obj/musically-maliva-obj/09ee232d68f95f9be7016e60a099892e,https://p16-amd-va.tiktokcdn.com/obj/musically-maliva-obj/09ee232d68f95f9be7016e60a099892e,,92008,False,https://p16-amd-va.tiktokcdn.com/obj/musically-maliva-obj/7f1422501eb3c9d6a584c9e6e902da8f,https://p16-amd-va.tiktokcdn.com/obj/musically-maliva-obj/7f1422501eb3c9d6a584c9e6e902da8f,https://p16-amd-va.tiktokcdn.com/obj/musically-maliva-obj/7f1422501eb3c9d6a584c9e6e902da8f,terror,,1400000,60000000000
1056,,,,,396369,False,,,,teste,,77900,2500000000
1057,,,,,821665,False,,,,thicklips,,1099,11400000
1058,,,,,12961,False,,,,thin,,35000,4600000000
1059,,,,,163674,False,,,,thirdeye,third eye,64900,1500000000
1060,,,,,76193190,False,,,,thirdleg,third leg,535,25100000
1061,,,,,363959,False,,,,threeway,three way,3383,79900000
1062,,,,,51595755,False,,,,throating,,7,103200
1063,,,,,22584750,False,,,,thumbzilla,,12,362400
1064,,,,,20551,False,,,,tiedup,,10900,95600000
1065,,,,,1663004642545669,False,,,,tightwhite,,2,582
1066,,,,,5516412,False,,,,tinkle,,889,7300000
1067,,,,,1652598012227589,False,,,,titbitnipply,,12,50200
1068,,,,,16901161,False,,,,titfuck,,5,4167
1069,,,,,1661635784859653,False,,,,titfucker,,7,59100
1070,,,,,23475775,False,,,,titjob,,242,359900
1071,,,,,1611007209276421,False,,,,titlover,,98,429400
1072,,,,,61638,False,,,,tnt,,113100,2400000000
1073,,,,,138215,False,,,,tobacco,tobacco,14400,330800000
1074,,,,,26185,False,,,,toilet,,167500,7100000000
1075,,,,,11955,False,,,,tongue,,83400,2900000000
1076,,,,,14786215,False,,,,tongueina,,9,135600
1077,,,,,1669055818492933,False,,,,tonguethrust,,37,6500000
1078,,,,,206042,False,,,,topless,topless,7942,139500000
1079,,,,,12803973,False,,,,tortur,,211,1800000
1080,,,,,14460,False,,,,torture,torture,26100,708400000
1081,,,,,10082488,False,,,,tosser,,649,12400000
1082,,,,,22713,False,,,,towelhead,,697,1300000
1083,,,,,32960,False,,,,tramp,,33300,607300000
1084,,,,,577802,False,,,,trannie,tr annie,428,3600000
1085,,,,,255623,False,,,,tranny,,6036,79600000
1086,,,,,113359,False,,,,transexual,tr an sexual,41700,1400000000
1087,,,,,703973,False,,,,transsexual,transsexual,6665,190200000
1088,,,,,1456107,False,,,,transvestite,transvestite,1411,52000000
1089,,,,,1625988153292805,False,,,,tribadism,,2,815
1090,,,,,777630,False,,,,triplex,,5222,84300000
1091,,,,,70077618,False,,,,trisexual,,122,800000
1092,,,,,86945,False,,,,trojan,,4445,173600000
1093,,,,,120971,False,,,,trots,,16500,87600000
1094,,,,,1649233602258949,False,,,,tubgirl,,791,33000000
1095,,,,,11269636,False,,,,tuckahoe,,92,477000
1096,,,,,9419234,False,,,,tunneloflove,,1026,10300000
1097,,,,,190990,False,,,,turd,,7631,135800000
1098,,,,,86082,False,,,,turnon,,14300,409700000
1099,,,,,868017,False,,,,tushy,,656,20300000
1100,,,,,327335,False,,,,twink,,27800,469200000
1101,,,,,123558,False,,,,twinkie,twinkie,5842,146700000
1102,,,,,264416,False,,,,uck,,5494,123500000
1103,,,,,42801,False,,,,uk,,8500000,152000000000
1104,,,,,1311927,False,,,,undressing,undressing,118,892500
1105,,,,,302983,False,,,,unfuckable,,58,153600
1106,,,,,1698509211786246,False,,,,urethraplay,,1,742
1107,,,,,31687803,False,,,,urinary,urinary,278,21700000
1108,,,,,40047880,False,,,,urinate,urinate,309,8100000
1109,,,,,3210757,False,,,,urine,,4503,204500000
1110,,,,,1642262433742853,False,,,,urophilia,,7,74900
1111,,,,,10270739,False,,,,usama,,73800,113600000
1112,,,,,4287231,False,,,,uterus,,5508,292400000
1113,,,,,5327,False,,,,vaping,,67200,2100000000
1114,,,,,720810,False,,,,vibr,,738,4500000
1115,,,,,14855866,False,,,,vietcong,vietcong,830,62600000
1116,,,,,61528,False,,,,violence,violence,69200,1600000000
1117,,,,,1634265988003846,False,,,,violetwand,,67,708800
1118,,,,,1664307916477446,False,,,,virginbreaker,,12,6705
1119,,,,,45441,False,,,,vomit,,14900,410500000
1120,,,,,1622106907512997,False,,,,vorarephilia,,37,162000
1121,,,,,87284040,False,,,,voyeur,,679,21300000
1122,,,,,1634633367540741,False,,,,voyuer,,121,1700000
1123,,,,,8498909,False,,,,vulva,,3684,396800000
1124,,,,,2410101,False,,,,wab,,3920,29200000
1125,,,,,4200309,False,,,,waysted,,18,26300
1126,,,,,88652,False,,,,weapon,,52200,2100000000
1127,,,,,654480,False,,,,weenie,,9471,160900000
1128,,,,,175187,False,,,,weewee,,4847,83900000
1129,,,,,1780784,False,,,,welcher,welch er,2931,14800000
1130,,,,,376781,False,,,,welfare,welfare,5287,105100000
1131,,,,,62249923,False,,,,wetb,,13,133600
1132,,,,,25274974,False,,,,wetback,,272,1900000
1133,,,,,21108649,False,,,,wetspot,,429,9500000
1134,,,,,45202225,False,,,,whacker,,274,20600000
1135,,,,,6442621,False,,,,whash,,338,491200
1136,,,,,158793,False,,,,whigger,,6,709000
1137,,,,,84727,False,,,,whiskey,whiskey,129600,2500000000
1138,,,,,1646768855798789,False,,,,whiskydick,,16,163200
1139,,,,,75445,False,,,,whit,,46400,128500000
1140,,,,,128872,False,,,,whites,,4473,67500000
1141,,,,,90894,False,,,,whitey,,4263,38300000
1142,,,,,90209,False,,,,whiz,,984,7900000
1143,,,,,212625,False,,,,whop,,874,15500000
1144,,,,,7060190905738723333,False,,,,whore,,1106,19400000
1145,,,,,2795389,False,,,,whorehouse,,426,3900000
1146,,,,,507792,False,,,,willie,,8693,127400000
1147,,,,,1694708796045317,False,,,,williewanker,,1,243
1148,,,,,154168,False,,,,willy,,58700,1100000000
1149,,,,,1522809,False,,,,wn,,10400,195100000
1150,,,,,387086,False,,,,wog,,10800,396300000
1151,,,,,284853,False,,,,womens,,36100,648400000
1152,,,,,32789,False,,,,wop,,14800,252200000
1153,,,,,1638612723516418,False,,,,worldsex,,4,18500
1154,,,,,1703778493625349,False,,,,wrinkledstarfish,,1,49
1155,,,,,9083,False,,,,wtf,,3000000,77400000000
1156,,,,,768422,False,,,,wuss,,881,12600000
1157,,,,,4839460,False,,,,wuzzie,,9,46500
1158,,,,,464456,False,,,,xtc,,9952,133100000
1159,,,,,47093,False,,,,xx,,458400,3500000000
1160,,,,"‡∏°‡∏≤‡∏£‡∏±‡∏ö‡∏™‡∏≤‡∏¢ ‡πÅ‡∏•‡πâ‡∏ß‡πÄ‡∏ï‡πâ‡∏ô‡∏£‡∏±‡∏ö‡∏£‡∏±‡∏Å‡∏Å‡∏±‡∏ô‡πÄ‡∏õ‡∏•‡πà‡∏≤? ‡πÄ‡∏Ç‡πâ‡∏≤‡∏£‡πà‡∏ß‡∏°‡πÅ‡∏ä‡∏•‡πÄ‡∏•‡∏ô‡∏à‡πå #MrLove‡∏£‡∏±‡∏ö‡∏õ‡∏∏‡πä‡∏õ‡∏£‡∏±‡∏Å‡∏õ‡∏±‡πä‡∏ö ‡πÅ‡∏•‡∏∞‡πÄ‡∏£‡∏¥‡πà‡∏°‡πÄ‡∏™‡πâ‡∏ô‡∏ó‡∏≤‡∏á‡∏Ñ‡∏ß‡∏≤‡∏°‡∏£‡∏±‡∏Å‡∏™‡∏∏‡∏î‡∏ü‡∏¥‡∏ô~ ‡∏£‡∏±‡∏ö‡∏™‡∏≤‡∏¢‡∏ï‡∏≠‡∏ô‡∏ô‡∏µ‡πâ ‡πÅ‡∏•‡πâ‡∏ß‡∏£‡∏±‡∏ö‡∏´‡∏ô‡∏∏‡πà‡∏° ‡πÜ ‡πÑ‡∏õ‡∏≠‡∏¢‡∏π‡πà‡πÉ‡∏ô‡∏´‡∏±‡∏ß‡πÉ‡∏à‡πÑ‡∏î‡πâ‡πÄ‡∏•‡∏¢! 
Mr Love ‡∏Ñ‡∏∑‡∏≠‡∏∞‡πÑ‡∏£‡∏≠‡πâ‡∏∞? : ‡∏Ñ‡∏£‡∏±‡πâ‡∏á‡πÅ‡∏£‡∏Å‡∏ó‡∏µ‡πà‡∏û‡∏ö‡∏´‡∏ô‡πâ‡∏≤‡∏Ñ‡∏∏‡∏ì‡∏Ñ‡∏á‡∏ô‡∏∂‡∏Å‡∏†‡∏≤‡∏û‡πÑ‡∏°‡πà‡∏≠‡∏≠‡∏Å‡πÅ‡∏ô‡πà ‡πÜ ‡∏ß‡πà‡∏≤‡∏Ñ‡∏ß‡∏≤‡∏°‡∏£‡∏±‡∏Å‡∏ó‡∏µ‡πà‡∏Å‡πà‡∏≠‡∏ï‡∏±‡∏ß‡πÄ‡∏Å‡∏¥‡∏ô‡∏ï‡πâ‡∏≤‡∏ô‡∏ó‡∏≤‡∏ô ‡∏à‡∏∞‡∏ó‡∏≥‡πÉ‡∏´‡πâ‡∏Ñ‡∏∏‡∏ì‡∏´‡∏ß‡∏±‡πà‡∏ô‡∏ô‡πÑ‡∏´‡∏ß‡πÑ‡∏î‡πâ‡∏Ç‡∏ô‡∏≤‡∏î‡∏ô‡∏µ‡πâ Mr Love: Dream Date ‡∏Ñ‡∏∑‡∏≠‡πÄ‡∏Å‡∏°‡∏£‡∏±‡∏Å ‡∏ó‡∏µ‡πà‡∏à‡∏∞‡∏ó‡∏≥‡πÉ‡∏´‡πâ‡∏Ñ‡∏∏‡∏ì ‡πÑ‡∏î‡πâ‡∏™‡∏±‡∏°‡∏ú‡∏±‡∏™‡∏Ñ‡∏ß‡∏≤‡∏°‡∏£‡∏±‡∏Å‡∏™‡∏∏‡∏î‡∏ü‡∏¥‡∏ô ‡πÑ‡∏õ‡∏û‡∏£‡πâ‡∏≠‡∏°‡∏Å‡∏±‡∏ö‡πÄ‡∏£‡∏∑‡πà‡∏≠‡∏á‡∏£‡∏≤‡∏ß‡∏™‡∏∏‡∏î‡πÇ‡∏£‡πÅ‡∏°‡∏ô‡∏ï‡∏¥‡∏Å‡∏ó‡∏µ‡πà‡πÉ‡∏Ñ‡∏£‡∏Å‡πá‡πÄ‡∏î‡∏≤‡∏ó‡∏≤‡∏á‡πÑ‡∏°‡πà‡∏ñ‡∏π‡∏Å",42389,True,,,,xxx,,3900000,44100000000
1161,,,,,140023,False,,,,yankee,,28400,962000000
1162,,,,,42521,False,,,,yaoi,,1300000,34200000000
1163,,,,,5689,False,,,,yellowman,,2150,29100000
1164,,,,,7012395057965694982,False,,,,yellowshowers,,0,562
1165,,,,,71242409,False,,,,yiffy,,156,342300
1166,,,,,7040023859424133166,False,,,,zigabo,,0,639
1167,,,,,25805554,False,,,,zipperhead,,216,5900000
